n,ev,pf,wr,totalR,maxDD,annual_freq,ytd2026,pos_years,recent_pf,recent_ev,old_pf,old_ev,day_policy,combo,windows,distance260,quality
3794,-0.008675772002314534,0.9781149855262841,0.4599367422245651,-32.91587897678134,69.70603543317947,260.2142857142857,151,6,0.9859176922603459,-0.005637767228471288,1.0224261573527074,0.008605994306811752,MonFri,LON_H2+NY_OPEN+NY_H2,3,0.2142857142857224,False
3788,0.01646536619187217,1.0425464039013481,0.4662090813093981,62.370807134811784,37.89053685934294,259.64285714285717,153,9,1.0988914785446333,0.03777039520413346,1.0794487850234626,0.029731921502352286,MonFri,LON_H1+NY_OPEN+NY_H2,3,0.3571428571428328,True
3788,0.001466389382259834,1.0033650188324217,0.4553854276663147,5.554682980000251,64.25913088083642,260.35714285714283,143,6,1.0192645486480305,0.008436916147797879,1.0022084973663778,0.0009618042056021872,MonThu,LON_H1+LON_H2+LON_H3+NY_OPEN,4,0.3571428571428328,True
3790,0.03575382175084744,1.0949438010500618,0.47493403693931396,135.5069844357118,26.939427475143276,260.5,143,11,1.1553278061890293,0.05740974396348989,1.0847975819369577,0.030910594498416,MonFri,LON_OPEN+NY_H1+NY_H2,3,0.5,True
3787,0.04940576118108524,1.112700844043795,0.4684446791655664,187.09961759276982,47.128100991048676,260.57142857142856,139,11,1.1963403463080304,0.08376740241735202,1.0956503723495332,0.042031211730801064,MonThu,LON_OPEN+LON_H1+LON_H2+NY_OPEN,4,0.5714285714285552,True
3790,0.03886600222226285,1.0919471817430304,0.4641160949868074,147.3021484223762,41.330728037904905,260.64285714285717,141,10,1.1726646289623428,0.07082860016853317,1.0155734870834079,0.006680973782371486,MonThu,LON_OPEN+LON_H1+LON_H3+NY_H1,4,0.6428571428571672,True
3767,0.045821969652463386,1.1064501987337954,0.4629678789487656,172.61135968082957,38.53749574601777,259.14285714285717,139,11,1.1918579578426534,0.08046198390996591,1.0401946144188823,0.017540286136250416,MonThu,LON_OPEN+LON_H1+LON_H2+NY_H1,4,0.8571428571428328,True
3768,-0.002370906298285574,0.9944583966472589,0.4498407643312102,-8.933574931940043,67.05485121736086,258.92857142857144,143,8,1.0107497205144995,0.004632112187224065,0.9464627093898154,-0.023155805335666524,MonThu,LON_H1+LON_H2+LON_H3+NY_H1,4,1.0714285714285552,False
3769,-0.0028832749757697336,0.9927859743690587,0.4661713982488724,-10.867063383676125,63.19208045394743,258.7857142857143,146,8,0.8963945468634759,-0.04327271398543061,1.0419124393265293,0.016219781040391342,MonFri,LON_H3+NY_OPEN+NY_H1,3,1.2142857142857224,False
3801,-0.005915017426308321,0.9839231615666703,0.4648776637726914,-22.48298123739793,51.021547520343546,261.2142857142857,144,7,0.9667045021513676,-0.01252244815601251,0.9825732888437355,-0.0062186742659144255,MonFri,LON_H3+NY_H1+NY_H2,3,1.2142857142857224,False
3799,0.01945112064759099,1.045420636967213,0.45985785733087653,73.89480734019817,41.86449926708072,261.35714285714283,140,8,1.0700106417849444,0.029787804982802816,0.9870751370710348,-0.005601594264271779,MonThu,LON_OPEN+LON_H2+LON_H3+NY_H1,4,1.3571428571428328,True
3758,0.03914925553204725,1.0958365965467574,0.47631718999467804,147.12290228943357,25.107700203652684,258.07142857142856,145,12,1.0671296381712252,0.027640689810607875,1.1368144248345438,0.05415652155172484,MonFri,LON_OPEN+NY_OPEN+NY_H1,3,1.9285714285714448,True
3810,0.04246467357856076,1.0986134969709167,0.4695538057742782,161.79040633431651,59.0884307572181,262.07142857142856,141,11,1.1776658598493204,0.07416734480499554,1.0723166784388949,0.031248353328477835,MonThu,LON_OPEN+LON_H1+LON_H3+NY_OPEN,4,2.071428571428555,True
3820,0.002963278621729987,1.0072016326258988,0.45523560209424085,11.319724335008551,63.59422028120423,262.64285714285717,143,6,1.0865230521038622,0.03485655297325939,0.9603315161558259,-0.016468873979044594,MonThu,LON_H1+LON_H2+LON_H3+NY_H2,4,2.642857142857167,True
3750,-0.00831953400318814,0.9781087572101443,0.45893333333333336,-31.19825251195553,53.57381322891088,257.2857142857143,148,7,0.9866246440548788,-0.005170089987406653,0.9681692729843142,-0.011805157298051098,MonFri,LON_H2+NY_H1+NY_H2,3,2.7142857142857224,False
3819,0.02314298644989224,1.05306631363704,0.46530505367897357,88.38306525213846,52.77835685124947,262.7857142857143,140,10,1.0772604616131907,0.03342206847022092,1.0431366361371441,0.018826187468775412,MonThu,LON_OPEN+LON_H2+LON_H3+NY_OPEN,4,2.7857142857142776,True
3819,0.05050135086351876,1.1219691569816275,0.46818538884524746,192.86465894777814,39.27650641045514,262.85714285714283,139,10,1.2788172555621204,0.10906266321599864,1.0572829705014057,0.02396960637139953,MonThu,LON_OPEN+LON_H1+LON_H2+NY_H2,4,2.857142857142833,True
3744,0.017117637179390383,1.0462045784099785,0.4652777777777778,64.0884335996376,39.82787917493553,256.7142857142857,150,8,1.1049798130962525,0.038639497968174404,1.0266627837056166,0.00962622195976196,MonFri,LON_H1+NY_H1+NY_H2,3,3.2857142857142776,True
3834,0.0348955028614726,1.0888302800549523,0.4757433489827856,133.78935797088596,40.699479392874984,263.42857142857144,146,12,1.1470023349402036,0.05636801013044437,1.1350665681296668,0.0510512394604315,MonFri,LON_OPEN+NY_OPEN+NY_H2,3,3.428571428571445,True
3845,-0.0062940462164431075,0.9836190182839888,0.4657997399219766,-24.20060770222375,55.84603672021822,264.14285714285717,147,6,0.9668639322469542,-0.012911755242587796,1.0377670938474401,0.013972361502616415,MonFri,LON_H3+NY_OPEN+NY_H2,3,4.142857142857167,False
3842,0.043611516837408854,1.1072859208272003,0.46928682977615827,167.5554476893248,47.55957364537366,264.35714285714283,141,10,1.259767667573676,0.09937823744120487,1.0321726035774414,0.013228026429663857,MonThu,LON_OPEN+LON_H1+LON_H3+NY_H2,4,4.357142857142833,True
3851,0.02444770361130791,1.0593382324393614,0.46507400675149313,94.14810660714677,43.756435170404565,265.07142857142856,140,10,1.1495086909068366,0.059425025926716495,1.0024471224627434,0.0010172498490413706,MonThu,LON_OPEN+LON_H2+LON_H3+NY_H2,4,5.071428571428555,True
3718,-0.005266900123247373,0.9872266121207909,0.4601936525013448,-19.582334658233734,64.36404708405719,254.85714285714286,150,6,0.9148497713657462,-0.03656550779994038,1.0268161045140234,0.01075703446020633,MonFri,LON_H2+NY_OPEN+NY_H1,3,5.142857142857139,False
3693,0.03011394845077465,1.0752097377191603,0.4692661792580558,111.21081162871077,46.422394188711905,254.5,130,11,1.16256247697684,0.06273394293197164,1.061596268833185,0.024341873802420352,MonFri,LON_OPEN+LON_H3+NY_H2,3,5.5,True
3712,0.020394491232047247,1.0506394566327244,0.4665948275862069,75.70435145335938,25.717177551010394,254.28571428571428,152,10,1.0205696664049724,0.008438012962575101,1.0825592029630282,0.032327579315138126,MonFri,LON_H1+NY_OPEN+NY_H1,3,5.714285714285722,True
3879,0.00609946571542713,1.0145696015249024,0.45733436452693993,23.659827510141838,40.106814948864425,266.14285714285717,153,8,1.0247161273955268,0.010465604896455786,1.0302553685909295,0.012454513966793073,MonThu,LON_H1+LON_H2+NY_OPEN+NY_H1,4,6.142857142857167,True
3676,0.04203107049801087,1.0937356435276304,0.46109902067464636,154.50621515068798,52.89947464203459,253.35714285714286,129,10,1.182947177102978,0.07948239572819422,1.0116311143056311,0.005380769370643571,MonThu,LON_OPEN+LON_H1+LON_H2+LON_H3,4,6.642857142857139,True
3902,-0.000422702139495517,0.998971978362115,0.4584828293182983,-1.6493837483115072,49.23407512911584,267.64285714285717,155,8,1.0048188332465517,0.00199778614167439,1.0056733467958041,0.0022963269335961856,MonThu,LON_H1+LON_H3+NY_OPEN+NY_H1,4,7.642857142857167,False
3901,0.04611523990373188,1.111469447449351,0.4711612407075109,179.89555086445807,35.42333271075241,267.85714285714283,151,10,1.186516314430348,0.07519550706461327,1.1037188316708908,0.042279516652554666,MonThu,LON_OPEN+LON_H1+NY_OPEN+NY_H1,4,7.857142857142833,True
3661,0.033550049025521056,1.077415773587543,0.470636438131658,122.82672948243258,40.56672403872422,252.07142857142858,132,12,1.0757955805597452,0.03253098651894988,1.1131624532957765,0.04837425442490879,MonFri,LON_OPEN+LON_H3+NY_OPEN,3,7.928571428571416,True
3911,-0.01919118507555345,0.9539329902349619,0.45435949884939913,-75.05672483048954,95.14409301136735,268.35714285714283,154,5,0.9132249179009636,-0.03724624516070904,0.9776009764683457,-0.009163767097891256,MonThu,LON_H2+LON_H3+NY_OPEN+NY_H1,4,8.357142857142833,False
3911,0.0075236177103426595,1.0190448404450712,0.45717207875223725,29.42486886515014,61.474405617913,268.42857142857144,153,8,1.0936544963001882,0.03644707504960381,0.9883832741575921,-0.004552309820535062,MonThu,LON_H1+LON_H2+NY_H1+NY_H2,4,8.428571428571445,True
3910,0.027234836261452695,1.0649823715060973,0.4670076726342711,106.48820978228004,35.205723119617176,268.57142857142856,150,10,1.0838913988216572,0.035074583574844206,1.072971588989677,0.030071299162179686,MonThu,LON_OPEN+LON_H2+NY_OPEN+NY_H1,4,8.571428571428555,True
3653,-0.015191466005736795,0.9624171662573414,0.45277853818779085,-55.494425318956516,78.144076381375,251.28571428571428,135,7,0.9976609794600778,-0.0009433100992416962,0.9512773737454241,-0.019522654469900088,MonFri,LON_H2+LON_H3+NY_H2,3,8.714285714285722,False
3647,0.010910957168257913,1.0276623262760838,0.45928160131615026,39.79226079263661,58.44666534726605,250.71428571428572,137,7,1.1135093731440064,0.04362790162842374,1.0064974500926456,0.0025390938042491756,MonFri,LON_H1+LON_H3+NY_H2,3,9.285714285714278,True
3642,0.028142652486038772,1.068087378715852,0.4632070291048874,102.4955403541532,49.007002351590465,250.57142857142858,134,10,1.1822565846267206,0.07235303131984441,1.0450812246496077,0.018504133114910292,MonFri,LON_OPEN+LON_H2+NY_H2,3,9.428571428571416,True
3931,0.011170981118567902,1.0277290133660442,0.4624777410328161,43.913126777090426,48.41141717427701,269.85714285714283,153,9,1.100619643979262,0.039866158163407106,1.0468993325710352,0.01853035537242982,MonThu,LON_H1+LON_H2+NY_OPEN+NY_H2,4,9.857142857142833,True
3934,0.0010461763108024422,1.0026978385910352,0.45831215048296897,4.115657606696807,64.47615143595597,269.92857142857144,155,8,1.0731676054760606,0.02786708653347885,0.9618882236809466,-0.014673761422773556,MonThu,LON_H1+LON_H3+NY_H1+NY_H2,4,9.928571428571445,True
3636,0.05439555183326356,1.1347966681624697,0.46974697469746973,197.7822264657463,44.79926913545157,250.0,136,11,1.310055904023997,0.11712789608949715,1.1044660324866615,0.04181050092620134,MonFri,LON_OPEN+LON_H1+NY_H2,3,10.0,True
3933,0.02064047763128063,1.0501342464910735,0.46809051614543606,81.17899852382672,39.50227595401257,270.07142857142856,152,9,1.0642541053125734,0.026297025192143393,1.0486365525092656,0.01970143138644399,MonThu,LON_OPEN+LON_H3+NY_OPEN+NY_H1,4,10.071428571428555,True
3933,0.04720584597494697,1.1209539715930426,0.47088736333587594,185.66059221946642,32.48267902109373,270.14285714285717,151,12,1.270947081595244,0.10000438127567313,1.0638072132379608,0.02471199520274779,MonThu,LON_OPEN+LON_H1+NY_H1+NY_H2,4,10.142857142857167,True
3942,2.4242796747143555e-05,1.0000670200588189,0.4713343480466768,0.0955651047772399,43.07828245331151,270.14285714285717,160,6,0.9552868601269275,-0.016721816217541305,1.0591747651474015,0.020278690268847877,MonFri,NY_OPEN+NY_H1+NY_H2,3,10.142857142857167,False
3943,-0.017573340977804015,0.9553074584615849,0.4542226730915547,-69.29168347548124,92.17834517354216,270.64285714285717,154,5,0.9730780845134608,-0.010642153722383493,0.9333964471588307,-0.025946115618367557,MonThu,LON_H2+LON_H3+NY_H1+NY_H2,4,10.642857142857167,False
3942,0.02847621794451759,1.0719646709448964,0.4667681380010147,112.25325113728834,36.69761883415623,270.85714285714283,150,8,1.1580284216554175,0.06065167141643603,1.0324142641709044,0.012704672942773233,MonThu,LON_OPEN+LON_H2+NY_H1+NY_H2,4,10.857142857142833,True
3617,0.034433053897500246,1.0826057704690832,0.469726292507603,124.5443559472584,27.655246639994736,249.14285714285714,129,11,1.0804448779070397,0.03339210732328404,1.0652434224164784,0.02704143979895883,MonFri,LON_OPEN+LON_H3+NY_H1,3,10.857142857142861,True
3621,-0.012117787203875923,0.9723076513824672,0.4540182270091135,-43.87850746523472,86.80282597855026,248.85714285714286,137,6,0.9266096699800879,-0.03283128509759312,1.0087516757463968,0.0037795610345785343,MonFri,LON_H2+LON_H3+NY_OPEN,3,11.142857142857139,False
3954,0.004705087384581966,1.0118938656564935,0.4635811836115326,18.603915518637095,59.739792615720475,271.35714285714283,155,5,1.0807162000356412,0.03130894135639921,1.0218260133611115,0.008475255379193455,MonThu,LON_H1+LON_H3+NY_OPEN+NY_H2,4,11.357142857142833,True
3953,0.050632140179966284,1.1271924493357413,0.47609410574247407,200.14885013140673,47.18345908740991,271.57142857142856,151,11,1.2736859944901506,0.10299358033965464,1.1233876034470498,0.04820271923529704,MonThu,LON_OPEN+LON_H1+NY_OPEN+NY_H2,4,11.571428571428555,True
3615,0.014220796306046581,1.0332435681016092,0.4605809128630705,51.408178646358394,40.17917373153243,248.28571428571428,139,7,1.0303445013788137,0.012976706919725278,1.0615520669700726,0.025989841905270105,MonFri,LON_H1+LON_H3+NY_OPEN,3,11.714285714285722,True
3610,0.03160982221824792,1.070733342902474,0.4645429362880886,114.11145820787499,42.03161974799583,248.14285714285714,136,10,1.0940622455155014,0.04154716595510725,1.0963627270923844,0.04267857988447572,MonFri,LON_OPEN+LON_H2+NY_OPEN,3,11.857142857142861,True
3963,-0.013828772536851107,0.9655113945835053,0.4595003785011355,-54.803425563540934,87.89203332367047,272.07142857142856,154,7,0.98274493620848,-0.006940037600830009,0.9925588357905208,-0.002922740343221149,MonThu,LON_H2+LON_H3+NY_OPEN+NY_H2,4,12.071428571428555,False
3962,0.031989275378401974,1.0792897589175126,0.4719838465421504,126.74150904922863,42.10945065463739,272.2857142857143,150,11,1.1634974872557928,0.06391268685170982,1.091258680531728,0.03606918668677948,MonThu,LON_OPEN+LON_H2+NY_OPEN+NY_H2,4,12.285714285714278,True
3965,0.02192787891017277,1.056444480622295,0.467843631778058,86.94403987883503,34.623341781951105,272.35714285714283,152,8,1.137864566043435,0.05177225992641596,1.0061643469058643,0.002373026191882951,MonThu,LON_OPEN+LON_H3+NY_H1+NY_H2,4,12.357142857142833,True
3604,0.058101593873326335,1.1329365941357563,0.4711431742508324,209.39814431946812,39.87251830501309,247.57142857142858,138,12,1.2076832844289869,0.08757685948264314,1.1527699814005805,0.06614449425939063,MonFri,LON_OPEN+LON_H1+NY_OPEN,3,12.428571428571416,True
3596,0.00864209942104533,1.0212103927342218,0.45300333704115686,31.07698951807901,67.39483149091987,246.78571428571428,141,8,1.1334021004406702,0.052747378180553126,0.9919636993778493,-0.003259814478216826,MonFri,LON_H1+LON_H2+NY_H2,3,13.214285714285722,True
3985,0.025453525167070345,1.064239621049864,0.4730238393977415,101.43229779077532,53.43887888434892,273.7857142857143,152,8,1.1439034580025285,0.05505995798421027,1.0664585683569132,0.025806745012443868,MonThu,LON_OPEN+LON_H3+NY_OPEN+NY_H2,4,13.785714285714278,True
3577,-0.01178665949130805,0.9719974678825636,0.4528934861615879,-42.16088100040889,68.65929432090982,245.92857142857142,134,8,0.9247446679810378,-0.032608415667687206,0.957448664515953,-0.01784679212095925,MonFri,LON_H2+LON_H3+NY_H1,3,14.071428571428584,False
3571,0.014877010672412273,1.0362010761426608,0.45953514421730607,53.12580511118423,29.182289710661397,245.35714285714286,136,8,1.0330019451294956,0.013646886587885515,1.01148021267854,0.004700684640662779,MonFri,LON_H1+LON_H3+NY_H1,3,14.642857142857139,True
3566,0.0324815156120866,1.0754895272154164,0.4635445877734156,115.8290846727008,30.81422660103101,245.21428571428572,133,11,1.099506207458806,0.04252266150594437,1.0490240459603515,0.021089728930689937,MonFri,LON_OPEN+LON_H2+NY_H1,3,14.785714285714278,True
3560,0.05930218280457694,1.1410934432612827,0.4702247191011236,211.11577078429391,27.90076325710556,244.64285714285714,135,13,1.2185536239666448,0.08900384974205139,1.1070191869014103,0.044938203782907554,MonFri,LON_OPEN+LON_H1+NY_H1,3,15.357142857142861,True
3564,0.01197893023900135,1.0271395702588237,0.4542648709315376,42.692907371800814,43.55816011392546,244.35714285714286,143,10,1.0487803336543458,0.02146921254940885,1.0464885932079413,0.020326139873664578,MonFri,LON_H1+LON_H2+NY_OPEN,3,15.642857142857139,True
4045,0.009075169356929216,1.0238779229599224,0.46526576019777505,36.70906004877868,47.49299651377045,277.14285714285717,165,8,1.0877675351162026,0.032899924207601336,1.0528441464927663,0.019366563902098295,MonThu,LON_H1+NY_OPEN+NY_H1+NY_H2,4,17.142857142857167,True
4054,-0.009052363353083214,0.9765090918987483,0.46127281697089295,-36.698281033399354,69.04200861295479,277.85714285714283,164,7,0.9876645341462361,-0.004798362414285587,1.0219517784669192,0.008145226806972793,MonThu,LON_H2+NY_OPEN+NY_H1+NY_H2,4,17.857142857142833,False
3520,0.012616628930859837,1.0297219999691807,0.453125,44.41053383662663,36.51540856243912,241.42857142857142,140,10,1.052247635950794,0.022243350964795582,0.9971483479156696,-0.0012111884231858785,MonFri,LON_H1+LON_H2+NY_H1,3,18.571428571428584,True
4077,-0.015209097937663155,0.9598069396068354,0.4623497669855286,-62.007492291852685,86.77233630716829,279.35714285714283,166,5,0.9667926106366871,-0.01265115424533879,0.9957483450553767,-0.0015497754194884375,MonThu,LON_H3+NY_OPEN+NY_H1+NY_H2,4,19.357142857142833,False
4076,0.02932714482848795,1.0770130449847757,0.4744847890088322,119.5374423209169,33.67232685369312,279.57142857142856,162,10,1.1523525318252716,0.056310714893990754,1.0995993132745099,0.036461925755766025,MonThu,LON_OPEN+NY_OPEN+NY_H1+NY_H2,4,19.571428571428555,True
3469,0.026385964792649125,1.0577197925373225,0.4571922744306717,91.53291186569982,53.52140520507557,239.21428571428572,120,10,1.1075722942052437,0.04798732370077823,1.0295665709131852,0.013752670872893991,MonFri,LON_OPEN+LON_H2+LON_H3,3,20.785714285714278,True
3463,0.053947328321482226,1.1207059036386524,0.46404851285012994,186.81959797729294,52.5740439082679,238.64285714285714,122,10,1.224058815816751,0.09532598001570554,1.084399727831142,0.03838615870776025,MonFri,LON_OPEN+LON_H1+LON_H3,3,21.35714285714286,True
3423,0.005876237519610181,1.0130136178346065,0.44639205375401697,20.11436102962565,58.27326963812487,235.42857142857142,127,9,1.0614559882812533,0.027315482011945696,0.9801262846801995,-0.009112582021565443,MonFri,LON_H1+LON_H2+LON_H3,3,24.571428571428584,True
3412,0.05219939235132924,1.113125010024209,0.4575029308323564,178.10432670273536,52.17603238920307,234.71428571428572,126,10,1.2430884262248354,0.106589264413822,1.0682747596355657,0.03219645284684655,MonFri,LON_OPEN+LON_H1+LON_H2,3,25.285714285714278,True
3144,-0.007710359900305696,0.9786710502900081,0.4672391857506361,-24.24137152656111,60.22856952292037,215.14285714285714,132,5,1.0001885388950367,6.836223564639987e-05,1.0537201042577338,0.01827591986237025,MonThu,NY_OPEN+NY_H1+NY_H2,3,44.85714285714286,False
3052,0.04560891826869818,1.1186915508917796,0.4813237221494102,139.19841855606685,34.60891256742298,209.57142857142858,118,10,1.2458907357642934,0.0894983911502286,1.1506565872017598,0.05570193096081205,MonThu,LON_OPEN+NY_OPEN+NY_H2,3,50.428571428571416,True
3053,-0.013870460549198391,0.9635993280233258,0.46511627906976744,-42.34651605670269,76.46290194142901,209.35714285714286,122,5,0.9931263504544687,-0.002606214337020283,1.011423545923646,0.004197997873677931,MonThu,LON_H3+NY_OPEN+NY_H2,3,50.64285714285714,False
3032,0.04113131947365654,1.109958874644556,0.4746042216358839,124.71016064412662,30.68844605440211,208.14285714285714,118,9,1.2411784604354321,0.08549233426148396,1.068898733200131,0.02515383441244707,MonThu,LON_OPEN+NY_H1+NY_H2,3,51.85714285714286,True
3033,-0.01873879787953939,0.9494677431479541,0.45829212001318825,-56.83477396864297,72.69537425912067,207.92857142857142,122,6,0.9801091768679464,-0.007359807247796095,0.9289964600961322,-0.025773880482999074,MonThu,LON_H3+NY_H1+NY_H2,3,52.071428571428584,False
3030,-0.005622872870709367,0.9855962299516767,0.4636963696369637,-17.03730479824938,58.63550987004133,207.85714285714286,120,7,1.0204663261363707,0.007977598288970798,1.0456115644838262,0.017160397288751638,MonThu,LON_H2+NY_OPEN+NY_H2,3,52.14285714285714,False
3021,0.01865939632040009,1.048680169377952,0.469049983449189,56.37003628392867,42.1247359219622,207.14285714285714,121,7,1.1568226696738366,0.05817870386734095,1.0873057051409285,0.03231827610481629,MonThu,LON_H1+NY_OPEN+NY_H2,3,52.85714285714286,True
3010,-0.01047360887381716,0.9724478630128066,0.4568106312292359,-31.525562710189654,66.59813585688012,206.42857142857142,120,7,1.0085478581519447,0.0032533851252605672,0.9658419242743814,-0.012701048308206916,MonThu,LON_H2+NY_H1+NY_H2,3,53.571428571428584,False
3000,0.03964837309637276,1.0980554762896768,0.475,118.94511928911828,25.155261362065787,205.85714285714286,118,11,1.1321695148945947,0.05268019613805374,1.122789441730007,0.04808132086474067,MonThu,LON_OPEN+NY_OPEN+NY_H1,3,54.14285714285714,True
3001,0.013955940810392663,1.0374163121829505,0.46217927357547484,41.88177837198838,40.35849701854901,205.71428571428572,121,8,1.1490707855587017,0.05390381032448718,1.006146737006049,0.0022475485122125747,MonThu,LON_H1+NY_H1+NY_H2,3,54.28571428571428,True
3001,-0.020859651890586903,0.9479899041985075,0.45851382872375873,-62.59981532365129,73.59997565183785,205.64285714285714,122,6,0.8986143944130676,-0.041925612356227125,0.9900798682528719,-0.0038536389584602052,MonThu,LON_H3+NY_OPEN+NY_H1,3,54.35714285714286,False
2978,-0.01252202957192678,0.9695114285875527,0.4570181329751511,-37.290604065197954,57.27641713177797,204.14285714285714,120,6,0.9258186866060812,-0.0315311142732005,1.0233556673820257,0.00928058006930018,MonThu,LON_H2+NY_OPEN+NY_H1,3,55.85714285714286,False
4589,0.03461692435355224,1.076207707925031,0.4563085639572892,158.85706585845125,70.4196263410889,316.0,165,10,1.1577443086550825,0.06918596340068602,1.0400288808034333,0.01851210192579429,MonFri,LON_OPEN+LON_H1+LON_H2+LON_H3,4,56.0,True
2969,0.012164613343543313,1.0301416969566266,0.4624452677669249,36.116737016980096,33.10589847722409,203.42857142857142,121,9,1.0502838674351842,0.020398380078963357,1.062714715804016,0.024552221491810113,MonThu,LON_H1+NY_OPEN+NY_H1,3,56.571428571428584,True
2941,0.036247880351576,1.091825731338915,0.4726283577014621,106.60501611398502,35.02076355575243,202.35714285714286,108,10,1.2269903149461912,0.08438546994129892,1.025443244777045,0.010067365641613656,MonThu,LON_OPEN+LON_H3+NY_H2,3,57.64285714285714,True
2918,0.045207069010431235,1.1117499147554557,0.4712131596984236,131.91422737243835,31.11643923191841,200.85714285714286,106,9,1.2529364458336583,0.09683581484420882,1.0597018418623183,0.02419358581079948,MonThu,LON_OPEN+LON_H2+NY_H2,3,59.14285714285714,True
2919,-0.017002640370103204,0.9576172264384778,0.45426515930113054,-49.630707240331255,73.66497589329276,200.64285714285714,110,6,1.0013175224488742,0.0005247200545256772,0.9289947044398461,-0.028507832436593477,MonThu,LON_H2+LON_H3+NY_H2,3,59.35714285714286,False
2909,0.07058149482798776,1.1776795888325402,0.4767961498796837,205.32156845461637,28.9127500358034,200.14285714285714,107,12,1.4132487851020983,0.15001294392588468,1.1022942997560754,0.040819606502058396,MonThu,LON_OPEN+LON_H1+NY_H2,3,59.85714285714286,True
2909,0.03466482459916696,1.0813333472645552,0.4730147817119285,100.8399747589767,47.52767845029425,200.07142857142858,108,10,1.1219100438726417,0.05086747781714363,1.079801955227771,0.033772244552997856,MonThu,LON_OPEN+LON_H3+NY_OPEN,3,59.928571428571416,True
2910,0.008170664550462819,1.0207449292763913,0.45979381443298967,23.776633841846802,46.6446706935222,199.92857142857142,111,6,1.1376882547287928,0.0521742783255566,0.9664936139997292,-0.013251364219582463,MonThu,LON_H1+LON_H3+NY_H2,3,60.071428571428584,True
2889,0.029889829299770306,1.0718870475279023,0.46590515749394257,86.35171684703641,29.07950986352813,198.64285714285714,108,11,1.1134237914913627,0.04624502170218041,1.003287997548282,0.0013776295763160045,MonThu,LON_OPEN+LON_H3+NY_H1,3,61.35714285714286,True
2886,0.04371073666577617,1.1001718517965833,0.4715869715869716,126.14918601743003,35.84926678865653,198.57142857142858,106,11,1.1470979582907284,0.06315788544284201,1.1108296646460065,0.04796993283669503,MonThu,LON_OPEN+LON_H2+NY_OPEN,3,61.428571428571416,True
2887,0.017002371008070703,1.0421108521256408,0.45826117076550055,49.08584510030012,41.049999074090636,198.42857142857142,109,9,1.1642776425918513,0.06407923703597454,1.0011977606395972,0.0004848600765074604,MonThu,LON_H1+LON_H2+NY_H2,3,61.571428571428584,True
2887,-0.01918799743517131,0.9556797697106535,0.45445098718392796,-55.39574859533957,89.07275720366908,198.35714285714286,110,5,0.9210889112792132,-0.03504502696240091,0.9864173529914758,-0.00581298243483484,MonThu,LON_H2+LON_H3+NY_OPEN,3,61.64285714285714,False
4686,0.03908519817871366,1.0900863455259129,0.46116090482287664,183.1532386654522,43.570646892037395,322.0,178,11,1.152516913241031,0.06474747985113452,1.0548764623460145,0.023933146327565116,MonFri,LON_OPEN+LON_H1+LON_H2+NY_H1,4,62.0,True
2877,0.06936271362516792,1.1616551344263142,0.47723322905804655,199.5565270996081,40.90929976053522,197.85714285714286,107,11,1.2878171689735078,0.11774799309995276,1.1521659741935901,0.06497393889983885,MonThu,LON_OPEN+LON_H1+NY_OPEN,3,62.14285714285714,True
2878,0.006258371260194057,1.0147030020217525,0.4600416956219597,18.011592486838495,53.540729703674174,197.64285714285714,111,7,1.042261839922784,0.01793518714716179,1.023177710183217,0.00978814633967497,MonThu,LON_H1+LON_H3+NY_OPEN,3,62.35714285714286,True
4697,0.0053573074286443565,1.0125545052757903,0.45305514157973176,25.16327299234254,51.90312995066742,322.7142857142857,179,8,1.0172551662720009,0.0074041065488454445,0.9862806570056802,-0.005868087087017007,MonFri,LON_H1+LON_H2+LON_H3+NY_H1,4,62.71428571428572,True
2866,0.038960547140784986,1.0914724179040272,0.46441032798325194,111.66092810548977,29.039554726122233,197.14285714285714,106,11,1.139558881503858,0.058586371928346925,1.036639066839631,0.015708165463880302,MonThu,LON_OPEN+LON_H2+NY_H1,3,62.85714285714286,True
2867,-0.024375307466787524,0.942305458683283,0.44715730728985004,-69.88400650727984,87.39147787792479,196.92857142857142,110,7,0.9069589343712371,-0.04046513518364387,0.9117220989450711,-0.03742794929462728,MonThu,LON_H2+LON_H3+NY_H1,3,63.071428571428584,False
4700,0.028690476365008075,1.066501060610537,0.4595744680851064,134.84523891553795,51.19614889162486,323.35714285714283,173,11,1.124401146479437,0.05275221949175256,0.9999574290967661,-1.8671526776535774e-05,MonThu,LON_OPEN+LON_H1+LON_H2+LON_H3+NY_H1,5,63.35714285714283,True
2857,0.06477713307233735,1.1547604950495602,0.47007350367518375,185.0682691876678,28.782770014561763,196.42857142857142,107,12,1.2847624322222457,0.11370832416048053,1.076810469274999,0.03247264946606388,MonThu,LON_OPEN+LON_H1+NY_H1,3,63.571428571428584,True
2858,0.0012327972620357593,1.0029697531894626,0.45276417074877534,3.5233345748982003,47.26808053045757,196.21428571428572,111,8,1.0313654661447045,0.013015689363225709,0.9472373859179775,-0.02206494993695667,MonThu,LON_H1+LON_H3+NY_H1,3,63.78571428571428,True
2855,0.015173661557019899,1.034809236489049,0.4584938704028021,43.32080374529181,42.790828349787226,196.14285714285714,109,9,1.0679323519247288,0.029654552032413975,1.0546508575647762,0.023592081036772183,MonThu,LON_H1+LON_H2+NY_OPEN,3,63.85714285714286,True
4720,0.031638452717686075,1.0722696609529248,0.4639830508474576,149.33349682747826,64.82528564115574,324.7857142857143,173,11,1.1292473667686844,0.05555127907322757,1.0446187183137183,0.019677360537457368,MonThu,LON_OPEN+LON_H1+LON_H2+LON_H3+NY_OPEN,5,64.78571428571428,True
4730,0.03835848038068212,1.0859080230595088,0.4619450317124736,181.43561220062642,53.48064353318214,324.92857142857144,181,10,1.1466148963279406,0.06384053401041984,1.0904023479243288,0.040290147558017186,MonFri,LON_OPEN+LON_H1+LON_H2+NY_OPEN,4,64.92857142857144,True
2835,0.010170210170494364,1.0239095925402875,0.45114638447971783,28.832545833351524,46.091133731403836,194.71428571428572,109,8,1.0580096295339965,0.024775453050897515,0.9809772353032238,-0.00813566610010743,MonThu,LON_H1+LON_H2+NY_H1,3,65.28571428571428,True
4741,0.004945295618543918,1.011254566490109,0.4539126766504957,23.445646527516715,61.39673167150157,325.64285714285717,182,7,1.0157713540860975,0.006936508049457428,1.0240568183258216,0.010515968224740558,MonFri,LON_H1+LON_H2+LON_H3+NY_OPEN,4,65.64285714285717,True
4737,0.04050422417986274,1.0956278563120634,0.4659066919991556,191.8685099400098,41.04347158179066,325.92857142857144,174,10,1.1381008054019315,0.05734886406693176,1.0670065265886797,0.02842466751860215,MonFri,LON_OPEN+LON_H1+LON_H3+NY_H1,4,65.92857142857144,True
4743,0.02036302421008153,1.047239879188044,0.4608897322369808,96.58182382841669,46.5768574432951,326.5,172,11,1.0523448425167334,0.022523483280877894,1.0247908718566074,0.010706342497154372,MonFri,LON_OPEN+LON_H2+LON_H3+NY_H1,4,66.5,True
4752,0.03263858126735828,1.078038922704145,0.46380471380471383,155.09853818248655,56.46190193368775,327.07142857142856,173,10,1.1900279151797744,0.07626996861293321,1.0124467062657168,0.00528038400639122,MonThu,LON_OPEN+LON_H1+LON_H2+LON_H3+NY_H2,5,67.07142857142856,True
4762,0.03566142258439828,1.08473759414893,0.4609407811843763,169.8196943469046,60.809118889419274,327.35714285714283,179,11,1.2165346367598735,0.08693263103835874,1.0520668236263313,0.021922375143521265,MonFri,LON_OPEN+LON_H1+LON_H2+NY_H2,4,67.35714285714283,True
4773,0.002478468190612805,1.0059888194950104,0.45296459249947624,11.829728673794918,82.31670634735573,328.07142857142856,180,7,1.0754932972499776,0.03066825801245977,0.9822279849518045,-0.007343906820555445,MonFri,LON_H1+LON_H2+LON_H3+NY_H2,4,68.07142857142856,True
2775,0.03371379588300836,1.0749944655198584,0.461981981981982,93.55578357534819,38.05881219582247,191.35714285714286,96,12,1.129177816358617,0.056814564231628804,0.9987879721086552,-0.0005616460901242133,MonThu,LON_OPEN+LON_H2+LON_H3,3,68.64285714285714,True
4781,0.039772199011751504,1.091186437310617,0.4666387784982221,190.15088347518395,54.88257765258905,328.85714285714283,177,10,1.1326579163288244,0.05651494657110454,1.1028606022591512,0.04463436167535513,MonFri,LON_OPEN+LON_H1+LON_H3+NY_OPEN,4,68.85714285714283,True
2766,0.06036266256598924,1.13656027939886,0.467823571945047,166.96312465752624,45.236581809723035,190.64285714285714,97,11,1.2700099062801338,0.11312195636060017,1.0362748592499755,0.016603392851233464,MonThu,LON_OPEN+LON_H1+LON_H3,3,69.35714285714286,True
4787,0.01981704561595799,1.04467587818282,0.4616670148318362,94.8641973635909,55.43619480788305,329.42857142857144,175,10,1.049759341855508,0.021943675346068378,1.0614577647008396,0.027126835355056313,MonFri,LON_OPEN+LON_H2+LON_H3+NY_OPEN,4,69.42857142857144,True
4812,-0.0029314823888507363,0.9930514659466195,0.4551122194513716,-14.106293255149744,61.1160870333951,330.35714285714283,187,7,0.9941622074961535,-0.0024935901821425757,0.9923133094807571,-0.003216881223398169,MonThu,LON_H1+LON_H2+LON_H3+NY_OPEN+NY_H1,5,70.35714285714283,False
4811,0.03480329273698188,1.0820962454078276,0.4653918104344211,167.43864135761982,44.907428090057344,330.57142857142856,183,11,1.1354107703009975,0.05661453442280279,1.0683633991182802,0.02879133972328918,MonThu,LON_OPEN+LON_H1+LON_H2+NY_OPEN+NY_H1,5,70.57142857142856,True
2743,0.0700956383215383,1.154793028812311,0.46627779803135255,192.27233591597954,34.01408602153163,189.14285714285714,95,11,1.2943114500031985,0.12705933629007288,1.0678042936652647,0.03173489142765942,MonThu,LON_OPEN+LON_H1+LON_H2,3,70.85714285714286,True
2744,0.003909402807292259,1.0087023956993495,0.44825072886297374,10.727401303209959,51.040546884562175,188.92857142857142,99,7,1.0498470659853856,0.022289385579446652,0.9461560947947082,-0.024842627022800545,MonThu,LON_H1+LON_H2+LON_H3,3,71.07142857142858,True
4813,0.03709432071919015,1.090288270435289,0.4656139621857469,178.5349656214622,59.31484675451868,331.2857142857143,175,10,1.2017604529942998,0.07926999120165239,1.0643626250813027,0.02634871939999905,MonFri,LON_OPEN+LON_H1+LON_H3+NY_H2,4,71.28571428571428,True
4838,0.009868089982331065,1.0234976519713148,0.4586606035551881,47.74181933451769,41.262698346192266,331.64285714285717,195,10,1.0082698156025305,0.00352475327624269,1.0381040561627353,0.015746753017342026,MonFri,LON_H1+LON_H2+NY_OPEN+NY_H1,4,71.64285714285717,True
4819,0.017275011311448246,1.041304488478914,0.46067648889811164,83.24827950986909,63.35364998536965,331.85714285714283,173,11,1.1114574805191486,0.04541001550708916,1.0214179740618958,0.008931509707591673,MonFri,LON_OPEN+LON_H2+LON_H3+NY_H2,4,71.85714285714283,True
4834,0.029402033533133323,1.070359409403915,0.46628051303268514,142.12943009916648,53.96429958520356,332.07142857142856,185,10,1.1199496043817085,0.04929026281560857,1.049031072882956,0.020369512394784576,MonThu,LON_OPEN+LON_H1+LON_H3+NY_OPEN+NY_H1,5,72.07142857142856,True
4844,-0.0017219760322339892,0.9957251191535801,0.4549958711808423,-8.341251900141444,83.27432430826856,332.64285714285717,187,7,1.0466716342045772,0.01864475605572572,0.9579254740315375,-0.016935498543268934,MonThu,LON_H1+LON_H2+LON_H3+NY_H1+NY_H2,5,72.64285714285717,False
4843,0.014189983278337483,1.0336062809485869,0.4629361965723725,68.72208901698843,46.70955967027624,332.7857142857143,184,10,1.0406418948392646,0.017186677626044786,1.0255891864607283,0.010721036165752167,MonThu,LON_OPEN+LON_H2+LON_H3+NY_OPEN+NY_H1,5,72.78571428571428,True
4843,0.03576371726463517,1.0883397256937357,0.4652075160024778,173.2036827126281,43.54068899115101,332.85714285714283,183,8,1.1974941701490698,0.07706141767841593,1.0362796206673879,0.014684814604487346,MonThu,LON_OPEN+LON_H1+LON_H2+NY_H1+NY_H2,5,72.85714285714283,True
4870,0.007418049585379034,1.0187778207515548,0.457700205338809,36.125901480795896,59.379617495825734,334.07142857142856,193,9,1.0686078258950478,0.0269852800745092,0.9957035847812081,-0.001675142450322476,MonFri,LON_H1+LON_H2+NY_H1+NY_H2,4,74.07142857142856,True
4864,0.0012637759070310123,1.0030891866260632,0.45929276315789475,6.147006011798844,69.76309269120206,334.07142857142856,187,6,1.0530807629870882,0.021503422621851027,1.0045369306368486,0.0018377013429766356,MonThu,LON_H1+LON_H2+LON_H3+NY_OPEN+NY_H2,5,74.07142857142856,True
4863,0.03859591622960485,1.0938799445527727,0.46946329426280076,187.6919406245684,53.98015704455482,334.2857142857143,183,11,1.2010947950821615,0.07962318925406692,1.0826886247415557,0.03368361220592122,MonThu,LON_OPEN+LON_H1+LON_H2+NY_OPEN+NY_H2,5,74.28571428571428,True
4866,0.030393438441055243,1.0761886139867534,0.46609124537607893,147.8944714541748,46.73882134842633,334.35714285714283,185,10,1.1817339986796949,0.06967587669539592,1.0157567789411361,0.0062882115463786725,MonThu,LON_OPEN+LON_H1+LON_H3+NY_H1+NY_H2,5,74.35714285714283,True
4878,0.043962086158709515,1.1054386736400181,0.4710947109471095,214.447056282185,29.52702088160565,334.85714285714283,190,13,1.1270530881098422,0.05243540024535504,1.1200487895799989,0.04916104599157378,MonFri,LON_OPEN+LON_H1+NY_OPEN+NY_H1,4,74.85714285714283,True
4875,0.015279411358358306,1.0378870437254109,0.46276923076923077,74.48713037199674,46.61765461965396,335.07142857142856,184,9,1.0963194095285689,0.03806593309695486,0.9919777333123758,-0.003230830599434557,MonThu,LON_OPEN+LON_H2+LON_H3+NY_H1+NY_H2,5,75.07142857142856,True
4884,0.024398110190538884,1.0575113486951935,0.46621621621621623,119.1603701705919,39.90070299940142,335.42857142857144,188,12,1.0428740033676065,0.018323956090895255,1.076879033139662,0.03205393061309276,MonFri,LON_OPEN+LON_H2+NY_OPEN+NY_H1,4,75.42857142857144,True
4889,0.011547778811428775,1.0281568512097612,0.46328492534260585,56.45709060907528,39.526188890454534,335.57142857142856,191,9,0.9941998713609499,-0.0024200602710325084,1.0496051018956079,0.019954261496538703,MonFri,LON_H1+LON_H3+NY_OPEN+NY_H1,4,75.57142857142856,False
4886,0.033234287631214714,1.0820204238730624,0.47032337290216947,162.3827293661151,67.59211545446512,335.7857142857143,185,9,1.1856863885011062,0.07225710476614422,1.063062928468569,0.025332778265872057,MonThu,LON_OPEN+LON_H1+LON_H3+NY_OPEN+NY_H2,5,75.78571428571428,True
4895,-0.007932501634835104,0.9809955280127862,0.4584269662921348,-38.82959550251783,80.07938948880285,336.14285714285717,189,8,0.9156772218462416,-0.036407390048637966,1.0086085186688278,0.00352536918815942,MonFri,LON_H2+LON_H3+NY_OPEN+NY_H1,4,76.14285714285717,False
4895,0.01817679025208111,1.0443844241610625,0.4670071501532176,88.97538828393704,58.818044399856106,336.5,184,10,1.1018361275652078,0.04082276129979309,1.0388087390585308,0.015729647606509377,MonThu,LON_OPEN+LON_H2+LON_H3+NY_OPEN+NY_H2,5,76.5,True
4914,0.0070020909678408785,1.0171805151904774,0.45848595848595847,34.40827501597008,61.85541833436156,337.0,196,9,1.0653484024850606,0.026394643899555866,1.035039366087801,0.014000644462269504,MonFri,LON_H1+LON_H2+NY_OPEN+NY_H2,4,77.0,True
2668,-0.0018565767833356994,0.9948788602436275,0.4715142428785607,-4.953346857939646,44.05247012925241,182.85714285714286,108,7,0.9928479827486493,-0.0026294104490137203,1.083503653745873,0.028506928436212234,MonFri,NY_OPEN+NY_H2,2,77.14285714285714,False
4910,0.04130980416058313,1.1053150609873825,0.47006109979633404,202.83113842846316,38.14447328247578,337.2857142857143,188,12,1.1970962191781414,0.07494526074080975,1.0812769427072022,0.03133429477531609,MonFri,LON_OPEN+LON_H1+NY_H1+NY_H2,4,77.28571428571428,True
4916,0.021876414222308807,1.0547568720846818,0.4652156224572823,107.54445231687009,41.97913414258927,337.85714285714283,186,11,1.105262990342446,0.04152631976766269,1.036408780212127,0.014313006616924613,MonFri,LON_OPEN+LON_H2+NY_H1+NY_H2,4,77.85714285714283,True
4921,0.00911220742844005,1.0236356618865785,0.4623044096728307,44.84117275535348,48.10031582807062,338.0,189,9,1.0537038759790958,0.020682967837429667,1.0068771406516888,0.002606244214718536,MonFri,LON_H1+LON_H3+NY_H1+NY_H2,4,78.0,True
4927,-0.010238586027245715,0.9739336368677005,0.45747919626547595,-50.44551335623964,77.66085639806295,338.57142857142856,187,8,0.9683904865725071,-0.01261938104806679,0.9644364475612467,-0.013741228913308864,MonFri,LON_H2+LON_H3+NY_H1+NY_H2,4,78.57142857142856,False
4935,0.025911984082097154,1.0625226817285152,0.4707193515704154,127.87564144514945,35.06248396454609,339.35714285714283,184,11,1.0289023492793126,0.012092660352061971,1.0894226259022888,0.036280062575754925,MonFri,LON_OPEN+LON_H3+NY_OPEN+NY_H1,4,79.35714285714283,True
4955,0.004894480432278589,1.0123543238866297,0.4607467204843592,24.25215054194041,59.25621435188454,339.85714285714283,197,7,1.0581375243114235,0.022920491637681534,1.0280087878789417,0.010837965992484483,MonThu,LON_H1+LON_H2+NY_OPEN+NY_H1+NY_H2,5,79.85714285714283,True
2624,-0.0012331251498147245,0.9963575879877603,0.47027439024390244,-3.235720393113837,42.519901648353,179.92857142857142,105,7,0.9944574473519228,-0.0019268991940262316,0.999608085729176,-0.0001260330853896839,MonFri,NY_H1+NY_H2,2,80.07142857142858,False
4954,0.040596187316034996,1.100314201561242,0.47073072264836496,201.11351196363736,50.22428269443226,340.2142857142857,191,11,1.1893730347772957,0.07401676612960009,1.1184409095555938,0.04684648994879412,MonFri,LON_OPEN+LON_H1+NY_OPEN+NY_H2,4,80.21428571428572,True
4960,0.021336053599202473,1.051801609576838,0.4659274193548387,105.82682585204427,54.72527519548061,340.7857142857143,189,10,1.1008031702431702,0.04083186548166719,1.0745046226711108,0.03002004286285151,MonFri,LON_OPEN+LON_H2+NY_OPEN+NY_H2,4,80.78571428571428,True
4965,0.0086855078127951,1.0218228553585467,0.46304128902316216,43.12354629052768,50.46332617204412,340.92857142857144,192,7,1.050934765804092,0.020147986726323185,1.046684884017613,0.018150799613094654,MonFri,LON_H1+LON_H3+NY_OPEN+NY_H2,4,80.92857142857144,True
4978,-0.00021234646776072873,0.9994561206759934,0.4616311771795902,-1.0570607165129076,57.5217450139619,341.35714285714283,199,5,1.0418795385130455,0.016233370737512368,1.0075132704110439,0.0028667700917976956,MonThu,LON_H1+LON_H3+NY_OPEN+NY_H1+NY_H2,5,81.35714285714283,False
4971,-0.010493490207416101,0.9741018168284908,0.45825789579561454,-52.16313982106544,89.55298797055471,341.5,190,7,0.9684541855290537,-0.012921879195996099,1.0050026486895536,0.001981170752360974,MonFri,LON_H2+LON_H3+NY_OPEN+NY_H2,4,81.5,False
4977,0.03626439097774897,1.0924162946639258,0.4715692184046614,180.48787389625664,43.3094792279495,341.57142857142856,195,11,1.1931123127999457,0.07307556611324674,1.0888596049120856,0.03405581286374792,MonThu,LON_OPEN+LON_H1+NY_OPEN+NY_H1+NY_H2,5,81.57142857142856,True
4967,0.02340642713739232,1.0600094041607553,0.469700020132877,116.25972359142766,38.899301574641164,341.7857142857143,182,9,1.0904699970608447,0.03494734802057189,1.0487361071394525,0.018615760727777764,MonFri,LON_OPEN+LON_H3+NY_H1+NY_H2,4,81.78571428571428,True
4987,-0.014931702786984347,0.9621706017531129,0.4583918187286946,-74.46440179869094,104.85862050874836,342.07142857142856,198,5,0.9641656126703545,-0.014299996053386518,0.9840308600979705,-0.006150772703766942,MonThu,LON_H2+LON_H3+NY_OPEN+NY_H1+NY_H2,5,82.07142857142856,False
4986,0.021476240034913475,1.0541396761359156,0.46831127156036906,107.0805328140786,42.465906985598025,342.2857142857143,194,8,1.10772245158517,0.04201413621543441,1.0635265306522044,0.0245803952949235,MonThu,LON_OPEN+LON_H2+NY_OPEN+NY_H1+NY_H2,5,82.28571428571428,True
2592,0.003233100872148134,1.0084116981456357,0.4722222222222222,8.380197460607963,44.62618414828036,177.5,107,8,0.8854570170077372,-0.046704269513023255,1.0880898890219304,0.03216009756770993,MonFri,NY_OPEN+NY_H1,2,82.5,False
5009,0.016324879527974703,1.0417548980698133,0.469155520063885,81.77132155562529,47.216885643607675,343.7857142857143,196,8,1.0916508403733005,0.035140100070647835,1.0432006139931558,0.016479431011349452,MonThu,LON_OPEN+LON_H3+NY_OPEN+NY_H1+NY_H2,5,83.78571428571428,True
5011,0.022858131535941302,1.0568095243162563,0.4703651965675514,114.54209712660186,51.70080547147553,344.7142857142857,185,10,1.086493295231246,0.034312447931252335,1.0872308567463864,0.03418853668558962,MonFri,LON_OPEN+LON_H3+NY_OPEN+NY_H2,4,84.71428571428572,True
2527,-0.01089509030475458,0.9707041324629165,0.46181242580134546,-27.531893200114826,59.549097383950055,173.92857142857142,92,8,1.0113092822071788,0.004190712108039004,0.9702145241492446,-0.01080116796181491,MonFri,LON_H3+NY_H2,2,86.07142857142858,False
2516,0.05185138015619828,1.1346940786470583,0.4769475357710652,130.45807247299487,37.050962844376926,173.21428571428572,91,11,1.304278531382134,0.10973752727529233,1.1229188070131344,0.04606958690353173,MonFri,LON_OPEN+NY_H2,2,86.78571428571428,True
5062,0.013318790813419334,1.0350299545630617,0.4674041880679573,67.41971909752867,34.280312026479635,346.92857142857144,205,7,1.043695502121523,0.01674846010014663,1.0626333902792577,0.022988119530937816,MonFri,LON_H1+NY_OPEN+NY_H1+NY_H2,4,86.92857142857144,True
5068,-0.005498612275861181,0.985801863557855,0.462707182320442,-27.866967014064464,64.30430854002984,347.5,203,8,0.9599592993454227,-0.015900167595819158,1.0191334342930563,0.007160115437811235,MonFri,LON_H2+NY_OPEN+NY_H1+NY_H2,4,87.5,False
2495,-0.006379148435428065,0.9848086116322605,0.46372745490981965,-15.915975346393022,56.21781460797746,171.5,94,5,0.9039341051721523,-0.04159612551114687,1.0564218515530581,0.023022136104816945,MonFri,LON_H3+NY_OPEN,2,88.5,False
2484,0.0571956482796766,1.1319825364470237,0.47906602254428343,142.07399032671668,26.715437888920448,170.78571428571428,93,13,1.1560243497596743,0.0662177075861033,1.1933288066634253,0.08176138226968722,MonFri,LON_OPEN+NY_OPEN,2,89.21428571428572,True
2476,-0.014639404068930701,0.9624951056118777,0.4527463651050081,-36.24716447467242,63.63713748725374,170.0,96,7,1.0412779503129879,0.015937362256671785,0.9497671744308943,-0.019283634657036017,MonFri,LON_H2+NY_H2,2,90.0,False
2470,0.023902640338834293,1.063594450628286,0.46234817813765183,59.0395216369207,42.84617147207923,169.42857142857142,98,8,1.227662718172765,0.08157707798298983,1.0356726146005053,0.013167047663871072,MonFri,LON_H1+NY_H2,2,90.57142857142858,True
5108,0.027180554019890918,1.0706625828870924,0.4745497259201253,138.83826993360282,32.2600224239697,350.7142857142857,198,11,1.0799292467126156,0.03072751515206358,1.1047965117702743,0.038741044452561275,MonFri,LON_OPEN+NY_OPEN+NY_H1+NY_H2,4,90.71428571428572,True
2451,-0.005792880000639415,0.985344509675208,0.46226030191758466,-14.198348881567206,44.67742537060363,168.57142857142858,91,8,0.8996288195182776,-0.0413989337934145,0.9792526965866247,-0.008069529100909996,MonFri,LON_H3+NY_H1,2,91.42857142857142,False
5119,-0.0037412962960552583,0.9901078135554098,0.4670834147294393,-19.151695739506867,57.47858005932609,351.42857142857144,199,8,0.9455327463841482,-0.021193397654396155,1.0307817128946468,0.011201069572069776,MonFri,LON_H3+NY_OPEN+NY_H1+NY_H2,4,91.42857142857144,False
2440,0.05893099048833708,1.1441417658757027,0.4778688524590164,143.79161679154248,19.049444421799052,167.85714285714286,90,13,1.1686619688977296,0.06800354549665866,1.1261346117561737,0.050852824729761124,MonFri,LON_OPEN+NY_H1,2,92.14285714285714,True
2444,-0.010078251481567355,0.977073873197885,0.45458265139116205,-24.631246620950616,59.81477880701026,167.57142857142858,98,7,0.9307074734574765,-0.031289393862327104,1.03450348963292,0.014821611006146753,MonFri,LON_H2+NY_OPEN,2,92.42857142857142,False
2438,0.02898090217007485,1.0681814757509007,0.4643150123051682,70.65543949064248,25.547119464002467,167.0,100,10,1.0878305476983292,0.037072368897230666,1.1145679855066313,0.04759122062868521,MonFri,LON_H1+NY_OPEN,2,93.0,True
2400,-0.009547341731718657,0.9769824510756424,0.4529166666666667,-22.91362015612478,52.358835894519046,164.64285714285714,95,5,0.9281448586319686,-0.03093078157670706,0.9591394771233412,-0.016796496014939724,MonFri,LON_H2+NY_H1,2,95.35714285714286,False
2394,0.03023102170236772,1.0755937165556344,0.4628237259816207,72.37306595546832,20.969887767257237,164.07142857142858,97,8,1.095884521145636,0.03843198636972846,1.042194093042367,0.016715949410022787,MonFri,LON_H1+NY_H1,2,95.92857142857142,True
2343,0.051001043100529865,1.113912274651582,0.46905676483141273,119.49544398454148,35.17668454234112,161.85714285714286,77,10,1.1785217949173463,0.07678543620636594,1.0907193226269636,0.04127569958899415,MonFri,LON_OPEN+LON_H3,2,98.14285714285714,True
2303,-0.02049925877686747,0.9549063134316454,0.4429005644811116,-47.20979296312578,67.80477336897856,158.64285714285714,82,5,0.9456550956442686,-0.02492020279101595,0.9363529705424565,-0.029307861375542643,MonFri,LON_H2+LON_H3,2,101.35714285714286,False
2297,0.020930297408997527,1.0476557428653934,0.45319982585981716,48.07689314846732,37.84253875193412,158.07142857142858,84,8,1.1084193644255416,0.04637175761457215,1.0129569908982214,0.005771854308666967,MonFri,LON_H1+LON_H3,2,101.92857142857142,True
2292,0.048333408686729466,1.1029852028145937,0.4594240837696335,110.78017270998393,37.84209481003223,157.92857142857142,81,11,1.206580441833878,0.09294803733550662,1.0664570601153376,0.03192406734347316,MonFri,LON_OPEN+LON_H2,2,102.07142857142858,True
2286,0.09014298286158225,1.1985993924347111,0.46981627296587924,206.06685882157703,35.613208860482295,157.35714285714286,83,12,1.3938482632028384,0.16475629908051911,1.1512036752764343,0.07025313173668828,MonFri,LON_OPEN+LON_H1,2,102.64285714285714,True
2246,0.01752521009524032,1.0380116512673576,0.44300979519145145,39.361621873909755,41.32993308283163,154.14285714285714,88,10,1.1368833431306296,0.06124849395658993,0.9925803190724223,-0.0034850446376345186,MonFri,LON_H1+LON_H2,2,105.85714285714286,True
2120,-0.0021605638167033563,0.9939504858042856,0.47358490566037736,-4.580395291411115,53.472288254471806,145.14285714285714,88,7,1.0583404713630171,0.02049888495126412,1.1084229261054128,0.03607906139364015,MonThu,NY_OPEN+NY_H2,2,114.85714285714286,False
2100,-0.009080311049214949,0.9734615484580225,0.4638095238095238,-19.068653203351392,50.65822421634591,143.71428571428572,88,6,1.0412280970216026,0.013925359869535272,0.9796753144446386,-0.006619960288320342,MonThu,NY_H1+NY_H2,2,116.28571428571428,False
2068,-0.01200855636284318,0.9688572713636282,0.46421663442940037,-24.833694558359696,47.546294625867986,141.42857142857142,88,7,0.9104205381904283,-0.035850949060032763,1.0692691147956521,0.025099703055377325,MonThu,NY_OPEN+NY_H1,2,118.57142857142858,False
2008,0.07189797653350428,1.19128190431283,0.4850597609561753,144.3711368792766,27.830591570296384,138.14285714285714,74,10,1.445237397885487,0.15061900145563906,1.1325617006781623,0.04907887243533876,MonThu,LON_OPEN+NY_H2,2,121.85714285714286,True
2009,-0.01850363252040467,0.9501240931097727,0.4604280736684918,-37.17379773349298,55.332616282319734,137.92857142857142,78,6,1.0284712956605486,0.010304798882113646,0.9197549525163079,-0.0294315997197815,MonThu,LON_H3+NY_H2,2,122.07142857142858,False
1986,-0.005974112021671533,0.9844870437500033,0.45820745216515607,-11.864586475039664,47.00109137672051,136.42857142857142,76,8,1.0704039277991448,0.02658761089790366,0.9746758349932418,-0.009627515669636592,MonThu,LON_H2+NY_H2,2,123.57142857142858,False
1976,0.0701447851843463,1.1662657054295846,0.48582995951417,138.60609552426828,28.054950312135077,135.85714285714286,74,11,1.2551002427606535,0.10329124594860566,1.20588569643009,0.08467471403918916,MonThu,LON_OPEN+NY_OPEN,2,124.14285714285714,True
1977,0.03112936500108163,1.083171668801446,0.4663631765300961,61.542754607138384,28.209924310270253,135.71428571428572,77,9,1.2942129757176501,0.10271013296472131,1.0356923816982984,0.01323842500400674,MonThu,LON_H1+NY_H2,2,124.28571428571428,True
1977,-0.0217191902319177,0.9479031631783503,0.46079919069296915,-42.93883908850129,73.70152099202383,135.64285714285714,78,6,0.9038057999757652,-0.04109632950891494,1.0093608276997885,0.003795003600846945,MonThu,LON_H3+NY_OPEN,2,124.35714285714286,False
1956,0.06345492720466667,1.1561190551063156,0.4754601226993865,124.117837612328,19.80665815352862,134.42857142857142,74,11,1.2487756498865807,0.09712091190589928,1.0911907785986077,0.036905663949526976,MonThu,LON_OPEN+NY_H1,2,125.57142857142858,True
1957,-0.02934445426696044,0.9268994343052033,0.4501788451711804,-57.42709700044158,62.366965764379096,134.21428571428572,78,5,0.881241931823515,-0.04911094378962155,0.893304347546531,-0.04258594784955386,MonThu,LON_H3+NY_H1,2,125.78571428571428,False
1954,-0.009022327446288623,0.9791044910358195,0.458546571136131,-17.62962783004797,51.66707707519982,134.14285714285714,76,8,0.943181190816006,-0.025286780568306813,1.0566674488313075,0.023740240308784324,MonThu,LON_H2+NY_OPEN,2,125.85714285714286,False
1945,0.028677487533228834,1.0681183956439575,0.4668380462724936,55.777713252130084,34.69005418265496,133.42857142857142,77,10,1.1293515605270747,0.05376280795009772,1.1153894580730044,0.0473560020123318,MonThu,LON_H1+NY_OPEN,2,126.57142857142858,True
1934,-0.0166069729793114,0.9601060919545282,0.44777662874870733,-32.117885741988246,50.12028300021495,132.71428571428572,76,7,0.9229026283727116,-0.03325264065041443,0.9458010757447463,-0.02237813485183138,MonThu,LON_H2+NY_H1,2,127.28571428571428,False
1925,0.021449067709189508,1.0529207403387404,0.4561038961038961,41.289455340189804,25.55456885296536,132.0,77,9,1.1168828377188182,0.04691673405108345,1.0018247664002173,0.0007373413461341343,MonThu,LON_H1+NY_H1,2,128.0,True
1865,0.056843267068196465,1.1289979403049708,0.47238605898123326,106.0126930821864,30.660696049830776,128.64285714285714,64,10,1.2282270798525368,0.09571315236533677,1.0289577914083807,0.013216339536375838,MonThu,LON_OPEN+LON_H3,2,131.35714285714286,True
1842,0.07129310767678597,1.1560923408896806,0.47014115092290987,131.32190434063975,25.92789747878728,127.14285714285714,62,12,1.2650085905524129,0.11622028844703854,1.0763938439622704,0.036057056780790964,MonThu,LON_OPEN+LON_H2,2,132.85714285714286,True
1843,-0.02725069466746058,0.9396269993640001,0.44329896907216493,-50.22303027212985,66.63236255926108,126.92857142857143,66,5,0.9159067000695247,-0.03878387079673858,0.8964211452025194,-0.047843734443473035,MonThu,LON_H2+LON_H3,2,133.07142857142856,False
1833,0.11169080492243197,1.2507585531406922,0.4789961811238407,204.7292454228178,26.708201915966583,126.42857142857143,63,12,1.4991067899698014,0.2029086215255936,1.1368872060114303,0.06343289257833085,MonThu,LON_OPEN+LON_H1,2,133.57142857142856,True
1834,0.012641390845173501,1.0287286669508586,0.4520174482006543,23.184310810048203,38.5024383221136,126.21428571428571,67,7,1.102018089736414,0.04391764580205256,0.9471109269367893,-0.023992915601705637,MonThu,LON_H1+LON_H3,2,133.78571428571428,True
5744,0.02257529954601815,1.0530198743326176,0.4622214484679666,129.67252059232825,63.121959890746,394.7857142857143,217,10,1.0899018275132495,0.03794978686729719,1.029825904596234,0.012689561855838399,MonThu,LON_OPEN+LON_H1+LON_H2+LON_H3+NY_OPEN+NY_H1,6,134.78571428571428,True
1811,0.02677720710574354,1.0586732224675015,0.44947542794036444,48.49352206850155,28.2942531217683,124.71428571428571,65,9,1.1400728181837139,0.06300021601061406,0.9954017916655152,-0.0021547151291670314,MonThu,LON_H1+LON_H2,2,135.28571428571428,True
5776,0.023448331362073496,1.0572227558297647,0.46208448753462605,135.43756194733652,56.559967193391266,397.07142857142856,217,9,1.138644240744153,0.05528704574803184,1.0022402101721561,0.0009224205880019003,MonThu,LON_OPEN+LON_H1+LON_H2+LON_H3+NY_H1+NY_H2,6,137.07142857142856,True
5796,0.025867118678274126,1.0623270472265547,0.46566597653554176,149.92581985927683,70.50171024914535,398.5,217,9,1.1425733897572226,0.05753357187876287,1.0408405587692382,0.01690302802968158,MonThu,LON_OPEN+LON_H1+LON_H2+LON_H3+NY_OPEN+NY_H2,6,138.5,True
5863,0.02795599144144093,1.0644484576881719,0.4594917277844107,163.90597782116816,57.21335521672249,403.2857142857143,217,11,1.1030684263810835,0.04406018506142373,1.0343666316420121,0.014993113051226973,MonFri,LON_OPEN+LON_H1+LON_H2+LON_H3+NY_H1,5,143.28571428571428,True
5888,-0.002295171573259363,0.9942960810201221,0.4583899456521739,-13.51397022335113,77.3085157008652,404.07142857142856,231,6,1.0258976642473796,0.010409415596585968,0.9956226759325338,-0.0017353639727188145,MonThu,LON_H1+LON_H2+LON_H3+NY_OPEN+NY_H1+NY_H2,6,144.07142857142856,False
5887,0.028542715201192188,1.0706406285366974,0.4667912349244097,168.03096438941841,51.09616048026427,404.2857142857143,227,10,1.1480332267350652,0.05837366614067766,1.0612264206214526,0.02437815663731161,MonThu,LON_OPEN+LON_H1+LON_H2+NY_OPEN+NY_H1+NY_H2,6,144.28571428571428,True
5910,0.0241491968072699,1.0604963138694625,0.46751269035532994,142.7217531309651,60.63169152495128,405.7857142857143,229,9,1.1348765848394233,0.05242563791311444,1.044513039305769,0.01751699543017112,MonThu,LON_OPEN+LON_H1+LON_H3+NY_OPEN+NY_H1+NY_H2,6,145.78571428571428,True
5907,0.027456975005305962,1.0618543737330375,0.4601320467242255,162.1883513563423,69.9907028807581,406.2142857142857,220,10,1.0996524896794646,0.043462773894173856,1.063529953561086,0.028201088974253427,MonFri,LON_OPEN+LON_H1+LON_H2+LON_H3+NY_OPEN,5,146.21428571428572,True
5919,0.0117104936727128,1.0290742233986434,0.4647744551444501,69.31441204878706,53.857620470342205,406.5,228,7,1.0662533638235898,0.026396689516265275,1.0243606847786102,0.009660192407561146,MonThu,LON_OPEN+LON_H2+LON_H3+NY_OPEN+NY_H1+NY_H2,6,146.5,True
5939,0.025353162738275894,1.0598890347631287,0.45933658865128807,150.57243350262053,78.72757212857167,408.64285714285717,218,11,1.1520128565043057,0.06217609921654004,1.031831091022191,0.013503060980523564,MonFri,LON_OPEN+LON_H1+LON_H2+LON_H3+NY_H2,5,148.64285714285717,True
6004,0.03106004732900455,1.0725435015907205,0.4638574283810793,186.4845241633433,42.46964352519464,412.2142857142857,233,11,1.0947560541019534,0.04028898327159574,1.0758966695588754,0.03218021197760451,MonFri,LON_OPEN+LON_H1+LON_H2+NY_OPEN+NY_H1,5,152.21428571428572,True
6015,0.004737249956813565,1.0112099686369398,0.45752285951787197,28.49455849023359,52.103220113107945,412.92857142857144,234,8,0.9898393943420055,-0.004356430900180445,1.0212698758552934,0.008886030130148633,MonFri,LON_H1+LON_H2+LON_H3+NY_OPEN+NY_H1,5,152.92857142857144,False
6036,0.028970942065875,1.0710054732542351,0.4630550033134526,174.8686063096215,53.78125068041805,414.64285714285717,231,12,1.1476375834675354,0.05883521479204116,1.0439368428224114,0.017780125573728326,MonFri,LON_OPEN+LON_H1+LON_H2+NY_H1+NY_H2,5,154.64285714285717,True
6047,0.002791242043411908,1.006934570627413,0.45675541590871505,16.878640636511808,73.60179358044702,415.35714285714283,232,9,1.036246732490138,0.014582637058791866,0.9869642501688471,-0.005199994216229191,MonFri,LON_H1+LON_H2+LON_H3+NY_H1+NY_H2,5,155.35714285714283,True
6055,0.03223778619948817,1.076730065220154,0.46754748142031377,195.1997954379009,40.50506414812152,416.14285714285717,229,11,1.083453233038335,0.03487633608769716,1.085845795832634,0.035613709217373155,MonFri,LON_OPEN+LON_H1+LON_H3+NY_OPEN+NY_H1,5,156.14285714285717,True
6061,0.016484591540390656,1.0386949636459901,0.4636198647087939,99.91310932630776,57.35580203887666,416.7142857142857,227,11,1.017435407381813,0.0074918799398305735,1.0520604351494016,0.02190771159828666,MonFri,LON_OPEN+LON_H2+LON_H3+NY_OPEN+NY_H1,5,156.71428571428572,True
6080,0.028478779579736133,1.068125744267813,0.46365131578947366,173.1509798447957,64.51225828034094,417.57142857142856,234,10,1.1428961718815462,0.05816975654295681,1.073993417887126,0.030522372062300178,MonFri,LON_OPEN+LON_H1+LON_H2+NY_OPEN+NY_H2,5,157.57142857142856,True
6091,0.0024890845791636826,1.0060333347503643,0.45739615826629454,15.161014171685991,76.61033591100424,418.2857142857143,235,6,1.0345187656108186,0.014179279187090861,1.0185809853568715,0.007555468404034073,MonFri,LON_H1+LON_H2+LON_H3+NY_OPEN+NY_H2,5,158.28571428571428,True
6087,0.030159993031736346,1.0753606444554655,0.46673238048299653,183.58387758417913,50.975335526806134,418.57142857142856,227,10,1.13580386405065,0.053201764899167295,1.0537541799679537,0.021264146469165718,MonFri,LON_OPEN+LON_H1+LON_H3+NY_H1+NY_H2,5,158.57142857142856,True
6093,0.0144915791026729,1.0356877378559868,0.46282619399310687,88.29719147258598,53.713066513962204,419.14285714285717,225,10,1.0651324265675397,0.026264906360889684,1.0189567223483,0.007613843245711787,MonFri,LON_OPEN+LON_H2+LON_H3+NY_H1+NY_H2,5,159.14285714285717,True
6131,0.029663391146526382,1.0723137551360837,0.4672973413798728,181.86625111935325,65.23434204200821,421.5,230,11,1.1313736024130212,0.052579023905710745,1.084056828023935,0.03391772606440688,MonFri,LON_OPEN+LON_H1+LON_H3+NY_OPEN+NY_H2,5,161.5,True
6137,0.01410779941465865,1.0339122059142105,0.4634186084406062,86.57956500776014,66.2512075393461,422.07142857142856,228,10,1.0626537476390003,0.02579444445333148,1.049804987681718,0.02039255045512897,MonFri,LON_OPEN+LON_H2+LON_H3+NY_OPEN+NY_H2,5,162.07142857142856,True
6188,0.006376403842709596,1.0160301715977633,0.46105365223012285,39.45718697868698,55.07722394972441,424.2857142857143,248,8,1.0285897772189483,0.011450970817901656,1.0301369303746568,0.011708162925526356,MonFri,LON_H1+LON_H2+NY_OPEN+NY_H1+NY_H2,5,164.28571428571428,True
1350,-0.0061367647080227605,0.9807182933436456,0.4696296296296296,-8.284632355830727,36.85643334522462,92.64285714285714,53,6,1.1253082749210024,0.03899963410654465,0.9903521921191387,-0.0028850617759924326,MonFri,NY_H2,1,167.35714285714286,False
6228,0.03310250865869529,1.0836861649814902,0.4707771355170199,206.16242392635425,42.73236339872395,427.5,243,12,1.126743703364996,0.04944890452290673,1.0977708168805067,0.037648988697260806,MonFri,LON_OPEN+LON_H1+NY_OPEN+NY_H1+NY_H2,5,167.5,True
6234,0.017785649312602042,1.0443217848426547,0.4669554058389477,110.87573781476112,43.872856234590486,428.07142857142856,241,10,1.0571457433791867,0.0229411670881724,1.0623134039528275,0.024363905777763897,MonFri,LON_OPEN+LON_H2+NY_OPEN+NY_H1+NY_H2,5,168.07142857142856,True
6239,0.007721182601898473,1.0197853387422227,0.46465779772399424,48.17245825324457,42.203969804338996,428.2142857142857,244,8,1.0169900476493323,0.006692695357724899,1.0395273941901102,0.015018645026627314,MonFri,LON_H1+LON_H3+NY_OPEN+NY_H1+NY_H2,5,168.21428571428572,True
6245,-0.007544311906861256,0.9809473578136189,0.4608486789431545,-47.11422785834854,81.82168019549721,428.7857142857143,242,8,0.9512726209800842,-0.019740504196902736,1.0055649561880755,0.002146740360326763,MonFri,LON_H2+LON_H3+NY_OPEN+NY_H1+NY_H2,5,168.78571428571428,False
1318,0.0025275307267762317,1.0061969054243418,0.47344461305007585,3.3312854978910735,32.4934448007632,90.21428571428571,55,8,0.8904845944242223,-0.04682181981710646,1.155735404241961,0.059724032909073146,MonFri,NY_OPEN,1,169.78571428571428,False
6285,0.019028004628372112,1.0483209499930315,0.47048528241845666,119.59100908931873,43.66824744122351,432.0,237,9,1.0456130339529417,0.018009448968481383,1.0724191181703913,0.02768636288701872,MonFri,LON_OPEN+LON_H3+NY_OPEN+NY_H1+NY_H2,5,172.0,True
1274,0.003963039217203205,1.0110074173392065,0.47095761381475665,5.048911962716883,29.311074560406453,87.28571428571429,52,8,0.8797540669854998,-0.04658344565616812,1.0080955342126592,0.0027967361803230254,MonFri,NY_H1,1,172.71428571428572,False
1177,-0.016352812951813168,0.9622695050323734,0.45284621920135937,-19.2472608442841,36.013420533546636,81.28571428571429,39,5,0.9181556371253624,-0.035923312975800384,0.9541312327783567,-0.020036625178607798,MonFri,LON_H3,1,178.71428571428572,False
1166,0.11899031288921577,1.2574610684624954,0.4854202401372213,138.7427048288256,23.573643715221948,80.57142857142857,38,13,1.4654332732175168,0.1958619113310275,1.2339251322373517,0.11128156294304711,MonFri,LON_OPEN,1,179.42857142857144,True
1126,-0.02483350987463737,0.9479090483518108,0.4325044404973357,-27.96253211884168,39.32415050504477,77.35714285714286,43,7,0.9729997000504189,-0.01295751904360498,0.9200584305805874,-0.038733104818273745,MonFri,LON_H2,1,182.64285714285714,False
1120,0.06011085177924235,1.1349959075188374,0.45357142857142857,67.32415399275143,18.986572363389044,76.78571428571429,45,10,1.3211988070333107,0.13356256894828128,1.072005764990505,0.03272541991653753,MonFri,LON_H1,1,183.21428571428572,True
1076,0.0005504860890321525,1.0017465837955606,0.47304832713754646,0.5923230317985961,33.1328342851577,73.71428571428571,44,6,1.2240962156993513,0.06582065707968131,1.016660699353544,0.004947451251568657,MonThu,NY_H2,1,186.28571428571428,True
1044,-0.004954711037557195,0.9876256263786428,0.47413793103448276,-5.172718323209711,39.61963258554091,71.42857142857143,44,6,0.9314374544767808,-0.028350929318886154,1.182838000986786,0.06743626291355274,MonThu,NY_OPEN,1,188.57142857142856,False
1024,-0.019200172104638667,0.9481783427202762,0.4541015625,-19.660976235149995,34.479406353132276,70.0,44,7,0.8873158058418408,-0.04355866165554958,0.94752193101134,-0.018663931854197256,MonThu,NY_H1,1,190.0,False
932,0.15426911357025538,1.345935217277768,0.4989270386266094,143.778813847478,17.470959580200656,64.42857142857143,30,12,1.6537896777338443,0.2581098605237545,1.2297069713865183,0.10722358849736761,MonThu,LON_OPEN,1,195.57142857142856,True
933,-0.040478157304706955,0.9070242922602711,0.44587352625937837,-37.76612076529159,44.94007784520672,64.21428571428571,34,5,0.8756026376638691,-0.05500797546796595,0.8455456616247959,-0.0690887622510485,MonThu,LON_H3,1,195.78571428571428,False
910,-0.013688911545976097,0.9707368286447471,0.44065934065934065,-12.45690950683825,29.37165524622879,62.714285714285715,32,6,0.9547263528704517,-0.021781898093329068,0.9443723542807302,-0.02651018568669934,MonThu,LON_H2,1,197.28571428571428,False
901,0.06764753781946702,1.1520657861622254,0.4583795782463929,60.95043157533978,17.575885759892277,62.0,33,10,1.3555723579557306,0.1486624212644251,1.0505330784110953,0.023259688930866686,MonThu,LON_H1,1,198.0,True
6820,0.019100416953684286,1.0467759735160573,0.46392961876832844,130.26484362412683,68.41837277726601,468.5,261,9,1.1060587341562,0.04253129977892198,1.0282861476446281,0.011454732970016836,MonThu,LON_OPEN+LON_H1+LON_H2+LON_H3+NY_OPEN+NY_H1+NY_H2,7,208.5,True
7181,0.023288854382266987,1.0542840184081952,0.46205263890823006,167.23726331905922,55.58383531792721,493.5,272,11,1.064291449412691,0.027484221907477964,1.0554044145314934,0.023608134633290694,MonFri,LON_OPEN+LON_H1+LON_H2+LON_H3+NY_OPEN+NY_H1,6,233.5,True
7213,0.02157512068006896,1.0523471209072808,0.4613891584638847,155.6213454653374,66.51518305179094,495.92857142857144,270,11,1.1063389537100488,0.0430912390545144,1.0282110286527733,0.011565342689617241,MonFri,LON_OPEN+LON_H1+LON_H2+LON_H3+NY_H1+NY_H2,6,235.92857142857144,True
7257,0.02120762284697693,1.0504310885147767,0.46189885627669836,153.90371900051156,79.37827743595088,498.85714285714283,273,11,1.1033422044338925,0.04261237015921887,1.0535729629994197,0.022310560408522133,MonFri,LON_OPEN+LON_H1+LON_H2+LON_H3+NY_OPEN+NY_H2,6,238.85714285714283,True
7354,0.024231695921609005,1.0593936148189824,0.46491705194452,178.1998918075126,53.65983931945082,504.85714285714283,286,12,1.0992030363440328,0.04004557131796584,1.06399538920825,0.025643239272625865,MonFri,LON_OPEN+LON_H1+LON_H2+NY_OPEN+NY_H1+NY_H2,6,244.85714285714283,True
7365,0.0027440497127498827,1.0068011225992317,0.4597420230821453,20.209926134402885,63.896109621660166,505.57142857142856,287,9,1.0092376736292263,0.0037575352387246843,1.0170028361723165,0.006734325158058332,MonFri,LON_H1+LON_H2+LON_H3+NY_OPEN+NY_H1+NY_H2,6,245.57142857142856,True
7405,0.025241750585019606,1.0628572893860384,0.4679270762997974,186.9151630820702,53.11006852426079,508.7857142857143,282,10,1.0895515318226787,0.0356446635611616,1.0723462298910738,0.028455343985794246,MonFri,LON_OPEN+LON_H1+LON_H3+NY_OPEN+NY_H1+NY_H2,6,248.78571428571428,True
7411,0.012363847924770889,1.0304238387108025,0.4647146134124949,91.62847697047705,54.3036664835052,509.35714285714283,280,10,1.0328462067869313,0.013385908605565705,1.0434809888523389,0.017316933540912374,MonFri,LON_OPEN+LON_H2+LON_H3+NY_OPEN+NY_H1+NY_H2,6,249.35714285714283,True
8531,0.01863235622590886,1.0452799029433049,0.46325167037861914,158.9526309632285,65.2434549853973,586.1428571428571,325,11,1.0718298813025868,0.029352171722230584,1.0476967362384968,0.019349660469349193,MonFri,LON_OPEN+LON_H1+LON_H2+LON_H3+NY_OPEN+NY_H1+NY_H2,7,326.1428571428571,True
