slot1,slot2,period,cost_model,trades_used,payouts,breaches,accounts_used,user_paid,account_costs,net_cash,avg_payout,payout_before_breach_rate,resolved_accounts,successful_accounts,avg_first_payout_days,median_first_payout_days,first_portfolio_payout_date,first_portfolio_payout_days,median_gap_days,slot1_used,slot2_used
LON_OPEN,LON_H1,FULL_2012_2026,COMMISSION,5029,235,310,312,744499.9764537672,171288.0,573211.9764537672,3168.0850061862434,0.5466237942122186,311,170,26.05294117647059,21.0,2012-03-12,71,17.0,2678,2351
LON_OPEN,LON_H1,FULL_2012_2026,COMM_PLUS_0P2,5029,230,310,312,704655.6626471477,171288.0,533367.6626471477,3063.720272378903,0.5337620578778135,311,166,27.00602409638554,21.0,2012-03-12,71,17.0,2678,2351
LON_OPEN,LON_H1,YTD_2026,COMMISSION,202,14,14,16,44891.36483557378,8784.0,36107.36483557378,3206.5260596838416,0.6,15,9,15.0,14.0,2026-01-27,26,14.0,108,94
LON_OPEN,LON_H1,YTD_2026,COMM_PLUS_0P2,202,14,14,16,43307.04725336075,8784.0,34523.04725336075,3093.3605180971967,0.6,15,9,15.0,14.0,2026-01-27,26,14.0,108,94
LON_OPEN,LON_H2,FULL_2012_2026,COMMISSION,5033,221,302,304,691585.3115989001,166896.0,524689.3115989001,3129.345301352489,0.5231788079470199,302,158,29.462025316455698,23.5,2012-01-23,22,15.0,2678,2355
LON_OPEN,LON_H2,FULL_2012_2026,COMM_PLUS_0P2,5033,206,296,298,625696.4836594757,163602.0,462094.4836594757,3037.3615711625034,0.4966216216216216,296,147,30.510204081632654,24.0,2012-01-23,22,17.0,2678,2355
LON_OPEN,LON_H2,YTD_2026,COMMISSION,201,12,13,15,35004.875738490126,8235.0,26769.875738490126,2917.0729782075105,0.46153846153846156,13,6,29.5,24.5,2026-01-29,28,17.0,108,93
LON_OPEN,LON_H2,YTD_2026,COMM_PLUS_0P2,201,10,12,14,28727.166097865,7686.0,21041.166097865,2872.7166097865,0.4166666666666667,12,5,35.8,22.0,2026-01-29,28,19.0,108,93
LON_OPEN,NY_OPEN,FULL_2012_2026,COMMISSION,5422,211,359,361,676489.3527523372,198189.0,478300.35275233723,3206.1106765513614,0.46518105849582175,359,167,26.05389221556886,22.0,2012-01-24,23,18.0,2678,2744
LON_OPEN,NY_OPEN,FULL_2012_2026,COMM_PLUS_0P2,5422,205,361,363,643738.2916008639,199287.0,444451.2916008639,3140.1867882968972,0.4515235457063712,361,163,26.104294478527606,21.0,2012-01-24,23,17.5,2678,2744
LON_OPEN,NY_OPEN,YTD_2026,COMMISSION,218,6,12,14,18397.89138608113,7686.0,10711.89138608113,3066.3152310135215,0.4166666666666667,12,5,27.4,21.0,2026-01-22,21,14.0,108,110
LON_OPEN,NY_OPEN,YTD_2026,COMM_PLUS_0P2,218,6,12,14,17553.333561578467,7686.0,9867.333561578467,2925.555593596411,0.4166666666666667,12,5,27.6,21.0,2026-01-22,21,14.0,108,110
LON_OPEN,NY_H1,FULL_2012_2026,COMMISSION,5092,224,314,316,711651.6139168969,173484.0,538167.6139168969,3177.0161335575754,0.5477707006369427,314,172,27.174418604651162,21.0,2012-02-03,33,16.0,2678,2414
LON_OPEN,NY_H1,FULL_2012_2026,COMM_PLUS_0P2,5092,220,315,317,679584.5689471161,174033.0,505551.56894711615,3089.020767941437,0.526984126984127,315,166,26.80722891566265,21.0,2012-02-03,33,16.0,2678,2414
LON_OPEN,NY_H1,YTD_2026,COMMISSION,211,8,13,15,26738.341172955108,8235.0,18503.341172955108,3342.2926466193885,0.46153846153846156,13,6,28.666666666666668,17.5,2026-02-23,53,22.0,108,103
LON_OPEN,NY_H1,YTD_2026,COMM_PLUS_0P2,211,8,13,15,24747.523391565457,8235.0,16512.523391565457,3093.440423945682,0.46153846153846156,13,6,24.666666666666668,14.0,2026-03-13,71,14.0,108,103
LON_OPEN,NY_H2,FULL_2012_2026,COMMISSION,5264,231,312,314,730141.7743259071,172386.0,557755.7743259071,3160.7869018437536,0.5686900958466453,313,178,26.634831460674157,20.0,2012-02-10,40,18.0,2678,2586
LON_OPEN,NY_H2,FULL_2012_2026,COMM_PLUS_0P2,5264,227,316,318,694538.2862665891,174582.0,519956.2862665891,3059.6400276061195,0.5488958990536278,317,174,26.78735632183908,20.0,2012-02-10,40,18.0,2678,2586
LON_OPEN,NY_H2,YTD_2026,COMMISSION,214,7,8,10,20780.16725213333,5490.0,15290.167252133331,2968.595321733333,0.5555555555555556,9,5,42.0,21.0,2026-01-23,22,28.0,108,106
LON_OPEN,NY_H2,YTD_2026,COMM_PLUS_0P2,214,9,10,12,25354.30728096705,6588.0,18766.30728096705,2817.145253440783,0.5454545454545454,11,6,30.0,20.5,2026-01-23,22,23.5,108,106
LON_H1,LON_H2,FULL_2012_2026,COMMISSION,4706,219,289,291,678400.651734564,159759.0,518641.651734564,3097.7198709340823,0.5605536332179931,289,162,28.17283950617284,21.0,2012-01-25,24,17.0,2351,2355
LON_H1,LON_H2,FULL_2012_2026,COMM_PLUS_0P2,4706,212,289,291,638820.4511635301,159759.0,479061.4511635301,3013.304014922312,0.5397923875432526,289,156,27.673076923076923,18.0,2012-01-25,24,17.0,2351,2355
LON_H1,LON_H2,YTD_2026,COMMISSION,187,9,13,15,26524.05945640338,8235.0,18289.05945640338,2947.1177173781534,0.6153846153846154,13,8,23.375,22.0,2026-02-23,53,13.5,94,93
LON_H1,LON_H2,YTD_2026,COMM_PLUS_0P2,187,9,13,15,24930.08016469834,8235.0,16695.08016469834,2770.008907188704,0.6153846153846154,13,8,23.375,22.0,2026-02-23,53,13.5,94,93
LON_H1,NY_OPEN,FULL_2012_2026,COMMISSION,5095,200,315,317,630548.2953508502,174033.0,456515.2953508502,3152.741476754251,0.4634920634920635,315,146,29.458904109589042,23.5,2012-02-15,45,18.0,2351,2744
LON_H1,NY_OPEN,FULL_2012_2026,COMM_PLUS_0P2,5095,203,325,327,622685.0413254818,179523.0,443162.04132548184,3067.4139966772505,0.4584615384615385,325,149,28.21476510067114,22.0,2012-02-15,45,18.0,2351,2744
LON_H1,NY_OPEN,YTD_2026,COMMISSION,204,9,12,14,26762.47805189902,7686.0,19076.47805189902,2973.6086724332245,0.5833333333333334,12,7,39.714285714285715,44.0,2026-03-02,60,16.0,94,110
LON_H1,NY_OPEN,YTD_2026,COMM_PLUS_0P2,204,8,11,13,22472.670797396186,7137.0,15335.670797396186,2809.083849674523,0.5454545454545454,11,6,47.166666666666664,44.0,2026-03-02,60,17.0,94,110
LON_H1,NY_H1,FULL_2012_2026,COMMISSION,4765,228,284,286,708563.1950746463,157014.0,551549.1950746463,3107.7333117309045,0.5669014084507042,284,161,28.96273291925466,23.0,2012-01-17,16,17.0,2351,2414
LON_H1,NY_H1,FULL_2012_2026,COMM_PLUS_0P2,4765,222,290,292,676768.842115718,160308.0,516460.84211571806,3048.5082978185496,0.5517241379310345,290,160,28.45625,22.5,2012-01-17,16,17.0,2351,2414
LON_H1,NY_H1,YTD_2026,COMMISSION,197,8,12,14,23501.983897088703,7686.0,15815.983897088703,2937.747987136088,0.6666666666666666,12,8,37.375,33.0,2026-02-03,33,17.0,94,103
LON_H1,NY_H1,YTD_2026,COMM_PLUS_0P2,197,7,11,13,19128.506620294414,7137.0,11991.506620294414,2732.643802899202,0.6363636363636364,11,7,43.0,36.0,2026-02-03,33,28.5,94,103
LON_H1,NY_H2,FULL_2012_2026,COMMISSION,4937,223,271,273,689418.2063175659,149877.0,539541.2063175659,3091.56146330747,0.5698529411764706,272,155,32.05161290322581,23.0,2012-02-07,37,17.0,2351,2586
LON_H1,NY_H2,FULL_2012_2026,COMM_PLUS_0P2,4937,221,284,286,670523.3558448998,157014.0,513509.3558448998,3034.042334139818,0.5578947368421052,285,159,30.761006289308177,21.0,2012-02-08,38,17.0,2351,2586
LON_H1,NY_H2,YTD_2026,COMMISSION,200,10,11,13,30652.69170238112,7137.0,23515.69170238112,3065.2691702381117,0.6666666666666666,12,8,23.125,22.5,2026-02-09,39,15.0,94,106
LON_H1,NY_H2,YTD_2026,COMM_PLUS_0P2,200,10,11,13,29418.343981593745,7137.0,22281.343981593745,2941.8343981593744,0.6666666666666666,12,8,23.375,22.5,2026-02-09,39,16.0,94,106
LON_H2,NY_OPEN,FULL_2012_2026,COMMISSION,5099,181,324,326,575556.7990899446,178974.0,396582.7990899446,3179.8718181764893,0.44,325,143,27.55944055944056,21.0,2012-02-08,38,20.0,2355,2744
LON_H2,NY_OPEN,FULL_2012_2026,COMM_PLUS_0P2,5099,177,328,330,550848.0295157454,181170.0,369678.02951574535,3112.1357599759626,0.42378048780487804,328,139,28.33093525179856,22.0,2012-02-08,38,20.0,2355,2744
LON_H2,NY_OPEN,YTD_2026,COMMISSION,203,7,15,17,20856.396349338807,9333.0,11523.396349338807,2979.485192762687,0.3125,16,5,27.0,24.0,2026-02-20,50,21.0,93,110
LON_H2,NY_OPEN,YTD_2026,COMM_PLUS_0P2,203,7,16,18,20296.68909063869,9882.0,10414.68909063869,2899.5270129483843,0.3125,16,5,34.6,31.0,2026-02-23,53,20.0,93,110
LON_H2,NY_H1,FULL_2012_2026,COMMISSION,4769,203,291,293,631680.6841290952,160857.0,470823.68412909517,3111.7275080250993,0.5395189003436426,291,157,30.471337579617835,23.0,2012-01-17,16,19.0,2355,2414
LON_H2,NY_H1,FULL_2012_2026,COMM_PLUS_0P2,4769,192,288,290,581493.2187731242,159210.0,422283.21877312416,3028.610514443355,0.5208333333333334,288,150,30.033333333333335,21.0,2012-01-17,16,19.0,2355,2414
LON_H2,NY_H1,YTD_2026,COMMISSION,196,6,17,19,19210.104411092194,10431.0,8779.104411092194,3201.6840685153657,0.35294117647058826,17,6,16.166666666666668,14.5,2026-02-23,53,11.0,93,103
LON_H2,NY_H1,YTD_2026,COMM_PLUS_0P2,196,5,16,18,16089.722110637067,9882.0,6207.722110637067,3217.9444221274134,0.3125,16,5,16.2,14.0,2026-02-23,53,10.5,93,103
LON_H2,NY_H2,FULL_2012_2026,COMMISSION,4941,204,289,291,637435.6807687654,159759.0,477676.6807687654,3124.684709650811,0.5620689655172414,290,163,30.9079754601227,21.0,2012-02-08,38,19.0,2355,2586
LON_H2,NY_H2,FULL_2012_2026,COMM_PLUS_0P2,4941,199,291,293,606597.0842338915,160857.0,445740.08423389145,3048.226553939153,0.5445205479452054,292,159,30.61006289308176,21.0,2012-02-08,38,20.0,2355,2586
LON_H2,NY_H2,YTD_2026,COMMISSION,199,4,9,11,12503.434791148838,6039.0,6464.4347911488385,3125.8586977872096,0.3,10,3,56.0,46.0,2026-03-18,76,17.0,93,106
LON_H2,NY_H2,YTD_2026,COMM_PLUS_0P2,199,4,10,12,12896.68918549635,6588.0,6308.689185496351,3224.1722963740876,0.2727272727272727,11,3,26.666666666666668,16.0,2026-03-18,76,34.0,93,106
NY_OPEN,NY_H1,FULL_2012_2026,COMMISSION,5158,183,317,319,564045.5849112625,175131.0,388914.5849112625,3082.2163109905055,0.45425867507886436,317,144,28.083333333333332,21.0,2012-01-16,15,20.0,2744,2414
NY_OPEN,NY_H1,FULL_2012_2026,COMM_PLUS_0P2,5158,181,325,327,538491.4784319133,179523.0,358968.4784319133,2975.0910410602946,0.4523076923076923,325,147,28.653061224489797,22.0,2012-01-16,15,22.0,2744,2414
NY_OPEN,NY_H1,YTD_2026,COMMISSION,213,7,17,19,22204.619473391525,10431.0,11773.619473391525,3172.0884961987895,0.29411764705882354,17,5,17.4,18.0,2026-02-23,53,18.0,110,103
NY_OPEN,NY_H1,YTD_2026,COMM_PLUS_0P2,213,7,17,19,21777.255770129268,10431.0,11346.255770129268,3111.0365385898954,0.29411764705882354,17,5,17.8,20.0,2026-02-25,55,18.0,110,103
NY_OPEN,NY_H2,FULL_2012_2026,COMMISSION,5330,200,329,331,636175.0489239579,181719.0,454456.04892395786,3180.875244619789,0.45454545454545453,330,150,27.26,21.0,2012-02-08,38,19.0,2744,2586
NY_OPEN,NY_H2,FULL_2012_2026,COMM_PLUS_0P2,5330,195,339,341,610016.7530559676,187209.0,422807.7530559676,3128.2910413126547,0.43823529411764706,340,149,24.40268456375839,19.0,2012-02-08,38,19.0,2744,2586
NY_OPEN,NY_H2,YTD_2026,COMMISSION,216,6,13,15,18283.23274907867,8235.0,10048.23274907867,3047.2054581797784,0.35714285714285715,14,5,30.8,24.0,2026-03-16,74,21.0,110,106
NY_OPEN,NY_H2,YTD_2026,COMM_PLUS_0P2,216,6,14,16,19252.86198787894,8784.0,10468.86198787894,3208.8103313131564,0.3333333333333333,15,5,19.8,19.0,2026-03-16,74,21.0,110,106
NY_H1,NY_H2,FULL_2012_2026,COMMISSION,5000,218,292,294,678525.4893424441,161406.0,517119.4893424441,3112.5022446901107,0.5513698630136986,292,161,28.937888198757765,24.0,2012-01-17,16,18.0,2414,2586
NY_H1,NY_H2,FULL_2012_2026,COMM_PLUS_0P2,5000,212,295,297,649867.6728089587,163053.0,486814.6728089587,3065.413550985654,0.5457627118644067,295,161,28.217391304347824,22.0,2012-01-17,16,19.0,2414,2586
NY_H1,NY_H2,YTD_2026,COMMISSION,209,5,11,13,14687.084480302721,7137.0,7550.084480302721,2937.4168960605443,0.36363636363636365,11,4,38.75,33.0,2026-01-21,20,23.0,103,106
NY_H1,NY_H2,YTD_2026,COMM_PLUS_0P2,209,5,11,13,14531.625334073895,7137.0,7394.625334073895,2906.325066814779,0.45454545454545453,11,5,39.2,36.0,2026-01-21,20,35.5,103,106
