slot,family,sl,rr,n_train,evc_train,evs_train,n_oos,evc_oos,evs_oos,n_2026,evc_2026,evs_2026,n_full,evc_full,evs_full,pf_full,days_full,robust_score,freq_score
LON_H1,RISE_CANDLE,2.25,1.5,286,0.028116382093570272,0.02097857666885041,136,0.03057274439672424,0.022992780911032053,19,0.1946528151113471,0.18608138671206054,422,0.028908005963781035,0.021627704102349706,1.0967127641137346,422,0.5775846756427595,34.547923378213795
LON_H1,RISE_CANDLE,2.25,1.0,286,0.018256984469999286,0.011119179045279442,136,0.02428389438565562,0.016703930899963453,19,0.1367263829509302,0.1281549545516436,422,0.02019930614897858,0.012919004287547263,1.08205294108301,422,0.37504663360407536,33.535233168020376
LON_H1,RISE_CANDLE,2.25,0.3,286,0.015877162520555006,0.008739357095835154,136,0.06910010565643196,0.06152014217073979,19,0.21443609056984778,0.2058646621705612,422,0.03302958021363383,0.025749278352202528,1.2515374905799999,422,0.3261588114019568,33.290794057009784
LON_H1,RISE_CANDLE,2.5,0.3,286,0.014822122248572718,0.008398097366324846,136,0.0489045636015409,0.04208259646441794,19,0.07930827098654725,0.07159398542718927,422,0.02580603699739659,0.0192537653221084,1.1995133714953805,422,0.30448550040287586,33.18242750201438
LON_H1,RISE_CANDLE,3.0,0.4,286,0.0025229012806713444,-0.0028304527878685384,136,0.039312535416308456,0.03362756280203932,19,0.06401728414135646,0.0575887128418915,422,0.014379276262772401,0.008919049866698921,1.1027683644521677,422,0.05182704919238151,31.919135245961908
LON_H1,RISE_CANDLE,2.5,0.4,286,0.0012157329705763545,-0.005208291911671524,136,0.0590807604353034,0.052258793298180464,19,0.09342377016024284,0.08570948460088489,422,0.019864177840725368,0.013311906165437181,1.1322666266971115,422,0.024974363029414463,31.784871815147074
LON_H1,RISE_CANDLE,3.0,1.5,286,0.0010849287802744186,-0.0042684252882654655,136,0.0470642782072638,0.04137930559299468,19,0.22738357688110844,0.22095500558164352,422,0.015902918169067196,0.01044269177299371,1.072925769413744,422,0.022287299822746257,31.771436499113733
LON_OPEN,EXPAND_BODY60,2.25,0.6,243,0.009794771384470921,0.0024993188632505495,138,0.03361986531184076,0.025454732161956296,17,0.2551742310698136,0.24668622975564544,381,0.018424332964463146,0.01081387801081326,1.0988919941973645,381,0.19118631019665924,29.385931550983297
LON_OPEN,EXPAND_BODY60,1.5,0.6,243,0.009502062326261029,-0.0014411164555695288,138,0.01898286141991178,0.006735161695085041,17,0.009830113704554262,-0.002901888266698055,381,0.01293605254915815,0.0015203701186832959,1.1016969106959031,381,0.18547285731413327,29.357364286570665
LON_OPEN,EXPAND_BODY60,1.5,0.75,243,0.007443666431440536,-0.0034995123503900262,138,0.027499387034899805,0.01525168731007309,17,0.04746722895766158,0.034735226986409275,381,0.014707943185449403,0.0032922607549745603,1.0935553943623697,381,0.14529457232847115,29.156472861642357
LON_OPEN,EXPAND_BODY60,2.25,0.4,243,0.04257410631591907,0.03527865379469871,138,0.003304500409095146,-0.004860632740789327,17,0.21831811501872242,0.2098301137045543,381,0.028350469530770247,0.02074001457712037,1.172532906229803,381,0.06450127475766278,28.752506373788314
LON_H1,EXPAND_BODY60,3.0,1.5,260,0.017326207356298255,0.012172177678863503,121,0.03469884011837626,0.029290788217909335,11,0.4146796196989737,0.4085950952767457,381,0.022843500175750858,0.017608796773941043,1.0913838268299147,381,0.3381940756069835,24.12097037803492
LON_H1,EXPAND_BODY60,1.5,1.5,260,0.006189948776844136,-0.00411811057802536,121,0.0709561343437234,0.06014003054278947,11,0.33929826594745144,0.3271292171029953,381,0.02675873736895014,0.01628933056533053,1.0884086079222035,381,0.12082297998577322,23.034114899928866
LON_H1,EXPAND_BODY60,2.5,1.5,260,0.028478288803623134,0.022293453190701445,121,0.001942360028813293,-0.004547302251747056,11,0.46361218338019033,0.4563107540735167,381,0.02005086785414284,0.013769223771971071,1.0778180399462276,381,0.037913355238801155,22.619566776194006
LON_H1,EXPAND_BODY60,2.25,1.0,260,0.000883897058151441,-0.005988142511761573,121,0.025500858368514477,0.01829012250122522,11,0.4383200560861797,0.43020735685654243,381,0.008701882146219494,0.0017222776104730722,1.053597963689521,381,0.0172529822808911,22.516264911404456
LON_H1,RANGE_DI_CONT_G5,2.5,1.5,215,0.01543796297624399,0.009099041195711107,96,0.032096463098058796,0.02541267260759525,9,0.16077032973827393,0.15397634339987346,311,0.020580136647286498,0.014134760216742868,1.0790001329168646,311,0.2722514425419611,19.691257212709804
LON_H2,RANGE_DI_CONT_G5,1.5,0.4,172,0.030041671435245165,0.020062507152867736,71,0.04197523099252605,0.030568480291605967,10,0.09812845236324867,0.08719267854487307,243,0.03352843163510913,0.02313215362550319,1.2199999999999998,243,0.46830331143121734,19.631516557156086
LON_H1,RANGE_DI_CONT_G5,2.25,1.5,215,0.012115071919161448,0.005071825496347117,96,0.007721177313515462,0.00029474343522262886,9,0.17021462757336406,0.16266575386403032,311,0.010758757185585815,0.003597227818315102,1.0545355104301535,311,0.13616444507358724,19.010822225367935
LON_H1,DI_CONT_A20_G5,3.0,0.6,175,0.016257571159768835,0.011188824481265043,80,0.08523707217027335,0.07959308284942135,10,0.01727684745836643,0.011643517811300375,255,0.037898198927770244,0.03264898396931408,1.1701016831954356,255,0.25961259234446155,18.948062961722307
LON_H1,DI_CONT_A20_G5,3.0,0.4,175,0.015965331956109056,0.010896585277605281,80,0.1312570000790191,0.12561301075816708,10,0.05726796141800792,0.051634631770941866,255,0.0521352670534926,0.046886052095036435,1.2920351897490976,255,0.2549459064969136,18.924729532484566
LON_H1,DI_CONT_A20_G5,2.0,0.6,175,0.01231040191463107,0.004707281896875398,80,0.13447655083381663,0.12601056685253859,10,0.10310001105880184,0.09465001658820278,255,0.05063703686966968,0.04276321443198543,1.2054906770706342,255,0.19658135415505928,18.632906770775296
LON_H1,RANGE_DI_CONT_G5,2.5,0.3,215,0.0031369813072889725,-0.0032019404732439374,96,0.1317683823106937,0.12508459182023016,9,0.14196758287875472,0.13517359654035432,311,0.04284313724403126,0.03639776081348763,1.3053413611865876,311,0.0553212679322267,18.60660633966113
LON_H1,RANGE_DI_CONT_G5,3.0,1.5,215,0.0009931824549115843,-0.004289252362199134,96,0.06880789812966477,0.06323807272094516,9,0.15905617637456332,0.15339452109256302,311,0.02192634227734343,0.016555195251890413,1.0898736511916438,311,0.017514963371341848,18.417574816856707
LON_H1,DI_CONT_A20_G5,2.25,0.4,175,0.00176395537934341,-0.004994373525328305,80,0.13547352160086615,0.1279482025063968,10,0.10497778760782388,0.0974666814117358,255,0.04371205458609564,0.03671310130815408,1.2425645243338765,255,0.02816810852684665,17.790840542634232
LON_H2,RANGE_DI_CONT_G5,1.5,0.3,172,0.023064927249198633,0.013085762966821197,71,0.002538611274216165,-0.008868139426703921,10,0.018128452363248636,0.0071926785448730105,243,0.017067526285314872,0.006671248275708922,1.1877551020408161,243,0.03957303336848609,17.48786516684243
LON_H2,RANGE_DI_CONT_G5,2.0,0.3,172,0.0734618341679918,0.06597746095620874,71,0.0018026146115433352,-0.006752448414146721,10,0.02359633927243653,0.015394508908654764,243,0.05252436672557271,0.04472715821836826,1.3863237118626461,243,0.028099980842931825,17.43049990421466
LON_H1,DI_CONT_A20_G10,1.5,0.75,118,0.07311681532227152,0.06330245460291085,51,0.11001118024897752,0.098840299785231,6,0.14299730040266934,0.13116261727067066,169,0.08425061775577451,0.07402689308988318,1.2884906168566936,169,0.9505185991895297,15.822592995947648
LON_H1,DI_CONT_A20_G10,1.5,0.6,118,0.0708534670104568,0.06103910629109614,51,0.16981510181760498,0.15864422135385844,6,0.30966396706933597,0.2978292839373373,169,0.10071762899367903,0.09049390432778771,1.4095379647400594,169,0.9210950711359385,15.675475355679692
LON_H1,DI_CONT_A20_G10,1.5,1.0,118,0.05565371790910335,0.04583935718974267,51,0.21873531072540267,0.20756443026165614,6,0.309663967069336,0.2978292839373373,169,0.10486768970573805,0.09464396503984676,1.2993713036936032,169,0.7234983328183435,14.687491664091718
LON_H1,DI_CONT_A20_G10,1.5,1.5,118,0.05009550474631345,0.040281144026952743,51,0.13245995654672352,0.12128907608297698,6,0.49280718098848825,0.4809724978564896,169,0.07495104937247266,0.06472732470658134,1.187782185074748,169,0.6512415617020748,14.326207808510375
LON_H1,DI_CONT_A20_G10,2.0,0.6,118,0.05345293028871048,0.046092159749189975,51,0.14402799302987035,0.1356498326820605,6,0.048914641968668626,0.04003862961966964,169,0.08078623324610193,0.07311843974668344,1.3168909156778754,169,0.6358903455926921,14.24945172796346
LON_H1,DI_CONT_A20_G10,2.0,0.75,118,0.03951399718627574,0.03215322664675525,51,0.19578823335535425,0.18741007300754436,6,0.14891464196866863,0.14003862961966967,169,0.08667367792368995,0.07900588442427148,1.2943435536266135,169,0.5136819634215846,13.638409817107924
LON_H1,DI_CONT_A20_G10,2.0,1.0,118,0.03571106870668214,0.028350298167161635,51,0.12353789605317889,0.11515973570536904,6,0.2624738265755136,0.2535978142265147,169,0.062215022521305396,0.05454722902188693,1.1854520615414723,169,0.4642438931868679,13.39121946593434
LON_H1,DI_CONT_A20_G10,2.25,0.4,118,0.03296392433062674,0.026421017184386296,51,0.16549764957774976,0.15805039593525205,6,0.15088708915733515,0.1429973004026693,169,0.07295930887265796,0.06614349242873038,1.398192615223379,169,0.4285310162981476,13.212655081490738
LON_H1,DI_CONT_A20_G10,3.0,0.3,118,0.029470097630078244,0.02456291727039792,51,0.17089016354436626,0.16530472331249307,6,0.2881653168680013,0.28224797530200196,169,0.07214715894149061,0.06703529660854497,1.5302486871592285,169,0.3831112691910172,12.985556345955086
LON_OPEN,DI_CONT_A20_G10,2.0,0.4,70,0.10311161722888329,0.09466742584332495,26,0.1135515568423506,0.10494271987891052,5,0.10302739688462084,0.0945410953269313,96,0.10593910087419733,0.0974503179779627,1.6210526315789469,96,1.009458207578121,12.927291037890605
LON_OPEN,FALL_CONT_G10,2.0,0.4,70,0.10311161722888329,0.09466742584332495,26,0.1135515568423506,0.10494271987891052,5,0.10302739688462084,0.0945410953269313,96,0.10593910087419733,0.0974503179779627,1.6210526315789469,96,1.009458207578121,12.927291037890605
LON_H1,DI_CONT_A20_G10,3.0,0.4,118,0.04047233401501702,0.03556515365533672,51,0.17704887540989098,0.1714634351780177,6,0.02775299168142839,0.02183565011542904,169,0.08168773999808548,0.07657587766513986,1.4745926480920608,169,0.3607888918585691,12.873944459292845
LON_H1,DI_CONT_A20_G10,2.5,0.4,118,0.025478593793741386,0.019589977362125,51,0.186435604694905,0.179733076416657,6,0.1638307942916375,0.15672998441243835,169,0.07405141956864875,0.06791718476911394,1.4011971645233596,169,0.33122171931863803,12.72610859659319
LON_H1,DI_CONT_A20_G10,3.0,0.6,118,0.024534343353507827,0.019627162993827486,51,0.18541191144387364,0.17982647121200038,6,0.1610863250147617,0.15516898344876234,169,0.07308319526243479,0.0679713329294891,1.3120447245471842,169,0.31894646359560175,12.66473231797801
LON_H1,DI_CONT_A20_G10,2.25,0.6,118,0.022385074100467865,0.015842166954227452,51,0.16897536098695826,0.16152810734446058,6,0.050887089157335065,0.042997300402669324,169,0.06662237961059218,0.05980656316666467,1.262036682891094,169,0.29100596330608225,12.525029816530411
LON_H1,DI_CONT_A20_G10,2.25,1.0,118,0.01824238815910005,0.011699481012859643,51,0.07835321116173853,0.07090595751924088,6,0.21742700954788105,0.20953722079321527,169,0.03638234066285485,0.029566524218927345,1.1231422152985695,169,0.23715104606830067,12.255755230341503
LON_H1,DI_CONT_A20_G10,2.0,0.4,118,0.017439232741104423,0.010078462201583921,51,0.13618485577496847,0.12780669542715856,6,0.1489146419686687,0.14003862961966967,169,0.053273710698069306,0.04560591719865082,1.2972101548287645,169,0.2267100256343575,12.203550128171788
LON_H1,DI_CONT_A20_G10,2.25,0.75,118,0.013685659445239003,0.007142752298998571,51,0.16400713424575156,0.15655988060325382,6,0.1508870891573351,0.14299730040266934,169,0.05904894474006824,0.052233128296140685,1.2032394595855778,169,0.17791357278810704,11.959567863940535
LON_OPEN,DI_CONT_A20_G10,2.25,1.0,70,0.07230564904864097,0.06479970115036691,26,0.5263195404570632,0.5186672409340054,5,0.31901019238654177,0.31146681322415104,96,0.19526774463842198,0.18772215984176902,1.6022831586955362,96,0.7084477827597052,11.422238913798527
LON_OPEN,FALL_CONT_G10,2.25,1.0,70,0.07230564904864097,0.06479970115036691,26,0.5263195404570632,0.5186672409340054,5,0.31901019238654177,0.31146681322415104,96,0.19526774463842198,0.18772215984176902,1.6022831586955362,96,0.7084477827597052,11.422238913798527
LON_H1,DI_CONT_A20_G10,2.5,0.6,118,0.00483332060411571,-0.0010552958275006823,51,0.2303575747590608,0.22365504648081289,6,0.0638307942916375,0.05672998441243828,169,0.07289093576330032,0.06675670096376554,1.2899144183108058,169,0.06283316785350423,11.38416583926752
LON_H1,DI_CONT_A20_G10,2.5,0.75,118,0.004683139141349887,-0.001205477290266504,51,0.16065334115343052,0.1539508128751826,6,0.12967814197711347,0.12257733209791427,169,0.05175106992606062,0.04561683512652584,1.183347707656571,169,0.06088080883754853,11.374404044187743
LON_H1,DI_CONT_A20_G10,3.0,0.75,118,0.0009072613439833589,-0.00399991901569702,51,0.09280812314175414,0.08722268290988087,6,0.18599126530767118,0.18007392374167183,169,0.028640657507807667,0.023528795174861998,1.1252063658514588,169,0.011794397471783666,11.128971987358918
LON_OPEN,DI_CONT_A20_G10,2.0,1.0,70,0.04046799204393176,0.0320238006583734,26,0.42367504656222715,0.41506620959878704,5,0.1830273968846208,0.1745410953269312,96,0.14425323597597015,0.13576445307973542,1.4145564204470666,96,0.3965037256905684,9.862518628452841
LON_OPEN,FALL_CONT_G10,2.0,1.0,70,0.04046799204393176,0.0320238006583734,26,0.42367504656222715,0.41506620959878704,5,0.1830273968846208,0.1745410953269312,96,0.14425323597597015,0.13576445307973542,1.4145564204470666,96,0.3965037256905684,9.862518628452841
LON_OPEN,DI_CONT_A20_G10,2.25,0.4,70,0.03953463785346209,0.032028689955188004,26,0.11546463172311502,0.10781233220005723,5,0.1049132416752185,0.09736986251282775,96,0.060099011193159774,0.05255342639650675,1.3281026070682143,96,0.38735875962681177,9.816793798134059
LON_OPEN,FALL_CONT_G10,2.25,0.4,70,0.03953463785346209,0.032028689955188004,26,0.11546463172311502,0.10781233220005723,5,0.1049132416752185,0.09736986251282775,96,0.060099011193159774,0.05255342639650675,1.3281026070682143,96,0.38735875962681177,9.816793798134059
LON_H1,PULLBACK_DI_A20_G5,1.5,1.0,79,0.04490246282270923,0.03504637643144245,31,0.10610229679306567,0.09443627898229921,4,0.228376126968094,0.21600615234557172,110,0.06214968875980967,0.05178353078668391,1.1891991512776225,110,0.4709410031308872,9.654705015654436
LON_OPEN,DI_CONT_A20_G10,3.0,0.75,70,0.03620470978228463,0.030575248858579082,26,0.34666273226587435,0.3409235076235809,5,0.18925764428990638,0.1836001099181133,96,0.12028709087159017,0.11462790227410043,1.4447211465460938,96,0.3547322610085919,9.65366130504296
LON_OPEN,FALL_CONT_G10,3.0,0.75,70,0.03620470978228463,0.030575248858579082,26,0.34666273226587435,0.3409235076235809,5,0.18925764428990638,0.1836001099181133,96,0.12028709087159017,0.11462790227410043,1.4447211465460938,96,0.3547322610085919,9.65366130504296
LON_OPEN,DI_CONT_A20_G10,2.0,1.5,70,0.03029015761892028,0.0218459662333619,26,0.3659153543751189,0.35730651741167885,5,0.48302739688462076,0.4745410953269313,96,0.1211886484070574,0.11269986551082271,1.2963108269852663,96,0.2967817215793238,9.363908607896619
LON_OPEN,FALL_CONT_G10,2.0,1.5,70,0.03029015761892028,0.0218459662333619,26,0.3659153543751189,0.35730651741167885,5,0.48302739688462076,0.4745410953269313,96,0.1211886484070574,0.11269986551082271,1.2963108269852663,96,0.2967817215793238,9.363908607896619
LON_OPEN,DI_CONT_A20_G10,1.5,1.5,70,0.028719622377340215,0.017460700529929027,26,0.5777205749034824,0.5662421256188955,5,0.47736986251282776,0.46605479376924175,96,0.17740738035317039,0.1660890031581908,1.404804551100903,96,0.2813936817196043,9.286968408598021
LON_OPEN,FALL_CONT_G10,1.5,1.5,70,0.028719622377340215,0.017460700529929027,26,0.5777205749034824,0.5662421256188955,5,0.47736986251282776,0.46605479376924175,96,0.17740738035317039,0.1660890031581908,1.404804551100903,96,0.2813936817196043,9.286968408598021
LON_H1,PULLBACK_DI_A20_G5,1.5,1.5,79,0.03785472546598755,0.027998639074720805,31,0.2602157711899606,0.24854975337919416,4,0.478376126968094,0.46600615234557174,110,0.10052011107910722,0.09015395310598148,1.2460126952512134,110,0.3970237101377971,9.285118550688985
LON_OPEN,DI_CONT_A20_G10,3.0,1.0,70,0.028303281559867895,0.02267382063616234,26,0.2302634929107106,0.22452426826841718,5,0.33925764428990635,0.3336001099181133,96,0.08300083880072111,0.07734165020323135,1.274991852491149,96,0.2773143914720027,9.266571957360014
LON_OPEN,FALL_CONT_G10,3.0,1.0,70,0.028303281559867895,0.02267382063616234,26,0.2302634929107106,0.22452426826841718,5,0.33925764428990635,0.3336001099181133,96,0.08300083880072111,0.07734165020323135,1.274991852491149,96,0.2773143914720027,9.266571957360014
LON_OPEN,DI_CONT_A20_G10,2.5,0.3,70,0.06363215092596375,0.05687679781751703,26,0.08622586085849582,0.07933879128774375,5,0.026421917507696634,0.019632876261544963,96,0.06975128069935788,0.06296025438237011,1.4999999999999998,96,0.2588808636790647,9.174404318395323
LON_OPEN,FALL_CONT_G10,2.5,0.3,70,0.06363215092596375,0.05687679781751703,26,0.08622586085849582,0.07933879128774375,5,0.026421917507696634,0.019632876261544963,96,0.06975128069935788,0.06296025438237011,1.4999999999999998,96,0.2588808636790647,9.174404318395323
LON_OPEN,DI_CONT_A20_G10,2.25,0.3,70,0.062130961346308945,0.05462501344803483,26,0.08469540095388425,0.07704310143082638,5,0.024913241675218478,0.01736986251282775,96,0.06824216374002726,0.06069657894337422,1.4999999999999998,96,0.24409891977170423,9.100494598858521
LON_OPEN,FALL_CONT_G10,2.25,0.3,70,0.062130961346308945,0.05462501344803483,26,0.08469540095388425,0.07704310143082638,5,0.024913241675218478,0.01736986251282775,96,0.06824216374002726,0.06069657894337422,1.4999999999999998,96,0.24409891977170423,9.100494598858521
LON_OPEN,DI_CONT_A20_G10,2.0,0.3,70,0.07882590294316895,0.07038171155761061,26,0.08278232607311978,0.0741734891096797,5,0.0230273968846208,0.014541095326931241,96,0.07989743420753065,0.07140865131129599,1.6199999999999999,96,0.2256214898875038,9.008107449437519
LON_OPEN,FALL_CONT_G10,2.0,0.3,70,0.07882590294316895,0.07038171155761061,26,0.08278232607311978,0.0741734891096797,5,0.0230273968846208,0.014541095326931241,96,0.07989743420753065,0.07140865131129599,1.6199999999999999,96,0.2256214898875038,9.008107449437519
LON_H1,PULLBACK_DI_A20_G5,2.0,0.75,79,0.026228906566340894,0.018836841772890838,31,0.08764123872383148,0.07889172536575671,4,0.10878209522607052,0.09950461425917878,110,0.04353601835617915,0.03576139987633486,1.1586028130054904,110,0.2750910928460652,8.675455464230327
LON_OPEN,DI_CONT_A20_G10,3.0,0.3,70,0.014534542311139566,0.008905081387433983,26,0.0385215507154132,0.03278232607311979,5,0.02868493125641388,0.0230273968846208,96,0.021031023753963683,0.015371835156473895,1.1625244937729473,96,0.1424088492287379,8.59204424614369
LON_OPEN,FALL_CONT_G10,3.0,0.3,70,0.014534542311139566,0.008905081387433983,26,0.0385215507154132,0.03278232607311979,5,0.02868493125641388,0.0230273968846208,96,0.021031023753963683,0.015371835156473895,1.1625244937729473,96,0.1424088492287379,8.59204424614369
LON_H1,PULLBACK_DI_A20_G5,2.25,0.6,79,0.04110893049338397,0.03453820623253946,31,0.023993532568563087,0.016216187361385463,4,0.03558408464539595,0.02733743489704779,110,0.03628550016911627,0.029374728187032434,1.1533403348335725,110,0.2516462925676767,8.558231462838384
LON_H1,PULLBACK_DI_A20_G5,1.5,0.75,79,0.02221911582671024,0.012363029435443476,31,0.025457135502743068,0.013791117691976627,4,0.540876126968094,0.5285061523455716,110,0.023131648644501304,0.012765490671375553,1.1117231635709526,110,0.23303605277571152,8.465180263878558
LON_OPEN,DI_CONT_A20_G10,3.0,0.6,70,0.0052712473684892736,-0.00035821355521632774,26,0.2370473476504897,0.2313081230081963,5,0.09925764428990638,0.0936001099181133,96,0.06804394119486439,0.06238475259737459,1.2808826112472145,96,0.051647465443149174,8.138237327215746
LON_OPEN,FALL_CONT_G10,3.0,0.6,70,0.0052712473684892736,-0.00035821355521632774,26,0.2370473476504897,0.2313081230081963,5,0.09925764428990638,0.0936001099181133,96,0.06804394119486439,0.06238475259737459,1.2808826112472145,96,0.051647465443149174,8.138237327215746
LON_OPEN,DI_CONT_A20_G10,2.25,0.75,70,0.0027276991635805134,-0.004778248734693567,26,0.34362723276475554,0.3359749332416977,5,0.16901019238654177,0.16146681322415105,96,0.09505465618056537,0.08750907138391235,1.3288927822832814,96,0.026725884490354884,8.013629422451775
LON_OPEN,FALL_CONT_G10,2.25,0.75,70,0.0027276991635805134,-0.004778248734693567,26,0.34362723276475554,0.3359749332416977,5,0.16901019238654177,0.16146681322415105,96,0.09505465618056537,0.08750907138391235,1.3288927822832814,96,0.026725884490354884,8.013629422451775
LON_H1,PULLBACK_DI_A20_G5,3.0,1.5,79,0.009019131401144865,0.004091088205511479,31,0.1351222323516941,0.1292892234463109,4,0.32506121456117987,0.31887622724991876,110,0.04455727803266329,0.03937419904610041,1.1471703634598398,110,0.09459344816329991,7.7729672408165
LON_H1,PULLBACK_DI_A20_G5,2.0,1.0,79,0.007524326720290121,0.00013226192684007786,31,0.19866837862602357,0.1899188652679488,4,0.23378209522607052,0.22450461425917878,110,0.061392195893724105,0.05361757741387983,1.1835006821016876,110,0.07891580440763377,7.694579022038169
LON_H1,PULLBACK_DI_A20_G5,2.25,1.5,79,0.006735196186805926,0.0001644719259613864,31,0.2224865265125103,0.21470918130533273,4,0.48558408464539604,0.47733743489704783,110,0.0675378438240499,0.06062707184196602,1.1865116468313366,110,0.07063933354883921,7.653196667744196
LON_H1,PULLBACK_DI_A20_G5,2.0,1.5,79,0.004770559199817529,-0.002621505593632551,31,0.20811316259085114,0.1993636492327763,4,0.4837820952260706,0.4745046142591787,110,0.06207620197365426,0.05430158349380998,1.1665241333427983,110,0.05003404699488142,7.550170234974407
LON_H1,PULLBACK_DI_A20_G5,3.0,1.0,79,0.004139859842692164,-0.0007881833529411966,31,0.09437769746002216,0.08854468855463897,4,0.23918806348404703,0.23300307617278587,110,0.029570523171212438,0.024387444184649568,1.1088550122635183,110,0.043419216331998335,7.517096081659991
