variant,period,trades,win_rate,PF,EV_R,EV_after_comm_R,EV_after_comm_0p2_R,total_R,max_DD_R,positive_years,years
RISE_BASE,FULL,932,0.4989270386266094,1.345935217277768,0.15426911357025538,0.1392008941049149,0.13166678437224472,143.778813847478,17.470959580200656,13,15
RISE_BASE,RECENT,284,0.5492957746478874,1.6537896777338443,0.2581098605237545,0.24284693417567849,0.23521547100164047,73.30320038874628,6.0,5,5
RISE_BASE,YTD2026,30,0.6,2.037954119538992,0.3185381151718541,0.30181089834909797,0.2934472899377199,9.556143455155622,2.0,1,1
FALL_ADX20_SAME,FULL,814,0.44471744471744473,1.0220235939880256,0.010716992533254343,-0.004247809311544707,-0.01173021023394423,8.723631922069035,17.59706472840689,8,15
FALL_ADX20_SAME,RECENT,251,0.450199203187251,1.0670026583959729,0.032635429935658995,0.016906526083970752,0.009042074158126646,8.191492913850407,12.756587679092023,4,5
FALL_ADX20_SAME,YTD2026,35,0.42857142857142855,1.1697879858718536,0.07980246520487026,0.06291759865493082,0.054475165379961124,2.793086282170459,3.9532726115224652,1,1
FALL_ADX25_SAME,FULL,590,0.4423728813559322,1.0089835535341618,0.004328120664392663,-0.010497244886059465,-0.017909927661285532,2.553591191991671,19.036764795987246,7,15
FALL_ADX25_SAME,RECENT,169,0.4378698224852071,1.007023391590601,0.003467697882614321,-0.012076531312151691,-0.01984864590953468,0.5860409421618202,13.252303910518759,2,5
FALL_ADX25_SAME,YTD2026,22,0.45454545454545453,1.4492959016234743,0.20080485683872465,0.18457254499744968,0.17645638907681221,4.417706850451943,3.002961273574834,1,1
FALL_ADX30_SAME,FULL,407,0.4398034398034398,1.024290844344536,0.011486285438695476,-0.003248785261778151,-0.01061632061201495,4.674918173549059,15.996964498472204,9,15
FALL_ADX30_SAME,RECENT,106,0.4056603773584906,0.9368304114668741,-0.032321847353095436,-0.047857020354387755,-0.05562460685503389,-3.426115819428116,13.20945223756431,3,5
FALL_ADX30_SAME,YTD2026,15,0.3333333333333333,0.8661443365209135,-0.0772709915859703,-0.09271609932159647,-0.10043865318940952,-1.1590648737895544,4.329515246443384,0,1
FALL_ADX35_SAME,FULL,273,0.4468864468864469,1.0811858867740758,0.03687851691165164,0.022054261191897996,0.014642133332021183,10.067835116880898,10.745917584271924,9,15
FALL_ADX35_SAME,RECENT,68,0.47058823529411764,1.225419411571717,0.10450265833190743,0.08860265780638388,0.08065265754362214,7.106180766569706,7.4923292003418105,4,5
FALL_ADX35_SAME,YTD2026,9,0.5555555555555556,2.252580164037862,0.46338719483962404,0.4483950874748074,0.44089903379239914,4.170484753556616,1.3295152464433835,1,1
FALL_AGREE_ADX20,FULL,359,0.4428969359331476,1.0383225108961611,0.019059458653562643,0.003860737958883721,-0.0037386223884557654,6.842345656628989,28.456218295990865,8,15
FALL_AGREE_ADX20,RECENT,124,0.49193548387096775,1.3194890923705795,0.14281426523912633,0.1268415528750303,0.11885519669298228,17.708968889651665,5.272275838061363,4,5
FALL_AGREE_ADX20,YTD2026,16,0.375,0.8923063633925078,-0.04898034012943986,-0.06691843521530377,-0.07588748275823572,-0.7836854420710377,4.203490362895412,0,1
FALL_AGREE_ADX25,FULL,224,0.4375,1.0184498064060366,0.009265222086927895,-0.005801458865525648,-0.013334799341752397,2.0754097474718485,18.02617269732652,8,15
FALL_AGREE_ADX25,RECENT,69,0.5217391304347826,1.4178797386252184,0.17501156469065252,0.15959186309618523,0.15188201229895162,12.075797963655024,4.772275838061363,4,5
FALL_AGREE_ADX25,YTD2026,5,0.6,6.827855919745002,0.7681870252420891,0.7517277423377481,0.7434981008855777,3.8409351262104456,0.32954962734617066,1,1
FALL_AGREE_ADX30,FULL,139,0.43884892086330934,1.048867524052564,0.02368854096762669,0.008626262871180401,0.001095123822957262,3.2927071945001103,11.688999672729507,8,15
FALL_AGREE_ADX30,RECENT,38,0.5526315789473685,1.7696775087894778,0.28195398010425027,0.2664448059312504,0.2586902188447506,10.71425124396151,2.925362845893698,4,5
FALL_AGREE_ADX30,YTD2026,5,0.6,6.827855919745002,0.7681870252420891,0.7517277423377481,0.7434981008855777,3.8409351262104456,0.32954962734617066,1,1
FALL_AGREE_GAP3,FULL,386,0.44041450777202074,1.032524467936225,0.016378090385274865,0.0008773232272207981,-0.006873060351806245,6.321942888716098,30.720986409631095,9,15
FALL_AGREE_GAP3,RECENT,136,0.49264705882352944,1.2930656229837152,0.13587238875522445,0.11992900436073277,0.11195731216348692,18.478644870710525,6.534874564216485,5,5
FALL_AGREE_GAP3,YTD2026,14,0.5714285714285714,1.745551642649333,0.28381634617932355,0.267801867459718,0.2597946280999152,3.9734288465105294,2.0,1,1
FALL_AGREE_GAP5,FULL,257,0.42412451361867703,0.9323305737667931,-0.03513782973120673,-0.05028585257380647,-0.05785986399510634,-9.03042224092013,26.1740890358857,8,15
FALL_AGREE_GAP5,RECENT,86,0.5,1.253589390149303,0.12119089085149702,0.10533460774247208,0.09740646618795958,10.422416613228744,6.315758336285093,4,5
FALL_AGREE_GAP5,YTD2026,9,0.4444444444444444,1.1396704882569055,0.06718950093182946,0.051473399073708945,0.04361534814464867,0.6047055083864652,2.3295152464433837,1,1
FALL_AGREE_GAP10,FULL,96,0.4895833333333333,1.2588680156874381,0.11324772121599296,0.09815655162268688,0.09061096682603387,10.871781236735323,9.962139848801561,9,15
FALL_AGREE_GAP10,RECENT,26,0.6153846153846154,2.237384369346761,0.44400755152043625,0.4287029524743205,0.42105065295126265,11.544196339531343,3.0,4,5
FALL_AGREE_GAP10,YTD2026,5,0.6,3.3846922869354468,0.6340969507113232,0.6190101923865418,0.611466813224151,3.1704847535566163,1.3295152464433835,1,1
FALL_RANGE_EXPAND,FULL,1060,0.4386792452830189,0.9946586118119957,-0.002653840147181027,-0.017938651380775685,-0.025581056997573022,-2.8130705560118887,31.488355752718316,8,15
FALL_RANGE_EXPAND,RECENT,342,0.45614035087719296,1.0513195943816747,0.025341959750680022,0.009288056114862999,0.0012611042969544654,8.666950234732568,16.416218922260974,4,5
FALL_RANGE_EXPAND,YTD2026,44,0.5454545454545454,1.5523863475267192,0.2149400571311979,0.19850387871882938,0.1902857895126451,9.457362513772708,5.203490362895412,1,1
FALL_AGREE_RANGE_EXPAND,FULL,509,0.4361493123772102,1.0158975844350027,0.007970153348118193,-0.0075342435095666,-0.015286441938408998,4.05680805419216,38.46853008720123,9,15
FALL_AGREE_RANGE_EXPAND,RECENT,181,0.4972375690607735,1.302853074279561,0.13585863747001797,0.1196459696247543,0.11153963570212247,24.59041338207325,10.582689892950347,4,5
FALL_AGREE_RANGE_EXPAND,YTD2026,21,0.5714285714285714,1.6801794107167949,0.22502518156059523,0.20854258585743016,0.20030128800584765,4.7255288127725,2.203490362895412,1,1
FALL_AGREE_ADX20_GAP5,FULL,212,0.44339622641509435,0.9919064735220396,-0.004092776224132485,-0.019118871570798373,-0.026631919244131285,-0.8676685595160869,22.715633440585652,9,15
FALL_AGREE_ADX20_GAP5,RECENT,69,0.5362318840579711,1.488028467173604,0.21742560487980675,0.20145560681934516,0.19347060778911435,15.002366736706666,4.5,5,5
FALL_AGREE_ADX20_GAP5,YTD2026,7,0.42857142857142855,1.3515480984227173,0.16721210765094519,0.15119129118688976,0.14318088295486206,1.1704847535566163,2.0,1,1
FALL_AGREE_ADX25_GAP5,FULL,153,0.43137254901960786,0.9391595597094091,-0.03125901477417159,-0.04624450560124861,-0.05373725101478706,-4.782629260448253,16.57944418957823,6,15
FALL_AGREE_ADX25_GAP5,RECENT,46,0.5434782608695652,1.4508241011883825,0.19634938230289617,0.18070823928700344,0.1728876677790571,9.032071585933224,6.0,3,5
FALL_AGREE_ADX25_GAP5,YTD2026,4,0.75,13.6564242430985,1.042621188389154,1.026561463215524,1.0185316006287088,4.170484753556616,0.3295152464433835,1,1
