account,start_date,first_payout_date,first_payout_days,payout_count,user_payout_total_200k,breach_date,status,success,failed_before_payout
1,2012-01-02,,,0,0.0,2012-04-30,breached_before_payout,False,True
2,2012-04-30,,,0,0.0,2012-05-04,breached_before_payout,False,True
3,2012-05-04,2012-09-07,126.0,1,36865.80788275709,2012-09-11,breached_after_payout,True,False
4,2012-09-11,,,0,0.0,2012-09-26,breached_before_payout,False,True
5,2012-09-26,2012-11-07,42.0,1,36349.761042095604,2012-11-13,breached_after_payout,True,False
6,2012-11-13,2013-02-19,98.0,1,33304.10777541539,2013-04-22,breached_after_payout,True,False
7,2013-04-22,,,0,0.0,2013-04-25,breached_before_payout,False,True
8,2013-04-25,,,0,0.0,2013-06-05,breached_before_payout,False,True
9,2013-06-05,2013-09-09,96.0,1,35444.77180375601,2013-09-16,breached_after_payout,True,False
10,2013-09-16,,,0,0.0,2013-09-25,breached_before_payout,False,True
11,2013-09-25,2014-01-02,99.0,1,33665.91305418117,2014-02-27,breached_after_payout,True,False
12,2014-02-27,2014-04-08,40.0,1,33939.166551985756,2014-04-11,breached_after_payout,True,False
13,2014-04-11,,,0,0.0,2014-04-17,breached_before_payout,False,True
14,2014-04-17,,,0,0.0,2014-04-29,breached_before_payout,False,True
15,2014-04-29,,,0,0.0,2014-05-05,breached_before_payout,False,True
16,2014-05-05,,,0,0.0,2014-05-22,breached_before_payout,False,True
17,2014-05-22,2014-07-22,61.0,2,66350.57332623897,2014-11-28,breached_after_payout,True,False
18,2014-11-28,2015-02-20,84.0,1,34151.22549136959,2015-02-23,breached_after_payout,True,False
19,2015-02-23,,,0,0.0,2015-04-27,breached_before_payout,False,True
20,2015-04-27,,,0,0.0,2015-05-06,breached_before_payout,False,True
21,2015-05-06,,,0,0.0,2015-06-19,breached_before_payout,False,True
22,2015-06-19,2015-07-27,38.0,1,36330.345840111775,2015-07-30,breached_after_payout,True,False
23,2015-07-30,,,0,0.0,2015-08-05,breached_before_payout,False,True
24,2015-08-05,,,0,0.0,2015-08-19,breached_before_payout,False,True
25,2015-08-19,2015-12-15,118.0,1,34622.049090666,2015-12-18,breached_after_payout,True,False
26,2015-12-18,,,0,0.0,2015-12-29,breached_before_payout,False,True
27,2015-12-29,2016-05-27,150.0,1,34449.071517347664,2016-07-15,breached_after_payout,True,False
28,2016-07-15,,,0,0.0,2016-07-28,breached_before_payout,False,True
29,2016-07-28,2016-08-23,26.0,1,33652.07893404549,2016-08-24,breached_after_payout,True,False
30,2016-08-24,,,0,0.0,2016-09-01,breached_before_payout,False,True
31,2016-09-01,2016-10-20,49.0,1,34059.00698350356,2016-10-25,breached_after_payout,True,False
32,2016-10-25,2017-04-11,168.0,1,35356.417323629794,2017-04-12,breached_after_payout,True,False
33,2017-04-12,,,0,0.0,2017-05-12,breached_before_payout,False,True
34,2017-05-12,2017-11-24,196.0,3,105676.19783878746,2018-02-02,breached_after_payout,True,False
35,2018-02-02,2018-03-22,48.0,1,32843.23761207892,2018-03-23,breached_after_payout,True,False
36,2018-03-23,,,0,0.0,2018-05-22,breached_before_payout,False,True
37,2018-05-22,,,0,0.0,2018-05-28,breached_before_payout,False,True
38,2018-05-28,,,0,0.0,2018-06-08,breached_before_payout,False,True
39,2018-06-08,,,0,0.0,2018-07-02,breached_before_payout,False,True
40,2018-07-02,,,0,0.0,2018-07-13,breached_before_payout,False,True
41,2018-07-13,,,0,0.0,2018-07-18,breached_before_payout,False,True
42,2018-07-18,,,0,0.0,2018-12-18,breached_before_payout,False,True
43,2018-12-18,,,0,0.0,2019-05-03,breached_before_payout,False,True
44,2019-05-03,,,0,0.0,2019-05-15,breached_before_payout,False,True
45,2019-05-15,,,0,0.0,2019-08-20,breached_before_payout,False,True
46,2019-08-20,2019-10-01,42.0,1,38013.227453426225,2019-10-07,breached_after_payout,True,False
47,2019-10-07,2019-11-14,38.0,1,33675.71754387035,2019-11-18,breached_after_payout,True,False
48,2019-11-18,,,0,0.0,2019-11-25,breached_before_payout,False,True
49,2019-11-25,2020-04-07,134.0,1,36408.07088185945,2020-04-10,breached_after_payout,True,False
50,2020-04-10,,,0,0.0,2020-04-22,breached_before_payout,False,True
51,2020-04-22,,,0,0.0,2020-05-14,breached_before_payout,False,True
52,2020-05-14,,,0,0.0,2020-06-30,breached_before_payout,False,True
53,2020-06-30,2020-09-15,77.0,1,32948.426824079084,2020-09-16,breached_after_payout,True,False
54,2020-09-16,2020-10-13,27.0,2,65441.55052088143,2020-11-19,breached_after_payout,True,False
55,2020-11-19,,,0,0.0,2020-12-16,breached_before_payout,False,True
56,2020-12-16,,,0,0.0,2021-01-11,breached_before_payout,False,True
57,2021-01-11,2021-02-09,29.0,1,33043.07349326157,2021-02-10,breached_after_payout,True,False
58,2021-02-10,2021-03-11,29.0,1,36868.60416888362,2021-03-12,breached_after_payout,True,False
59,2021-03-12,,,0,0.0,2021-03-17,breached_before_payout,False,True
60,2021-03-17,2021-05-06,50.0,1,34384.7522756422,2021-05-07,breached_after_payout,True,False
61,2021-05-07,2021-07-13,67.0,1,34193.377181335374,2021-07-22,breached_after_payout,True,False
62,2021-07-22,,,0,0.0,2021-07-29,breached_before_payout,False,True
63,2021-07-29,,,0,0.0,2021-08-06,breached_before_payout,False,True
64,2021-08-06,2021-11-26,112.0,1,38688.84656869366,2021-12-21,breached_after_payout,True,False
65,2021-12-21,2022-02-03,44.0,1,35484.37951601555,2022-02-09,breached_after_payout,True,False
66,2022-02-09,,,0,0.0,2022-02-24,breached_before_payout,False,True
67,2022-02-24,2022-05-24,89.0,1,36210.191408264545,2022-05-30,breached_after_payout,True,False
68,2022-05-30,2022-07-28,59.0,2,71719.79912971414,2022-08-23,breached_after_payout,True,False
69,2022-08-23,,,0,0.0,2022-09-13,breached_before_payout,False,True
70,2022-09-13,2022-11-03,51.0,1,32620.134288150028,2022-12-06,breached_after_payout,True,False
71,2022-12-06,,,0,0.0,2023-01-31,breached_before_payout,False,True
72,2023-01-31,,,0,0.0,2023-02-15,breached_before_payout,False,True
73,2023-02-15,,,0,0.0,2023-02-21,breached_before_payout,False,True
74,2023-02-21,2023-05-04,72.0,1,34809.76346097149,2023-05-08,breached_after_payout,True,False
75,2023-05-08,2023-06-27,50.0,2,71122.26070018181,2023-11-07,breached_after_payout,True,False
76,2023-11-07,2024-01-05,59.0,1,33791.81356528502,2024-01-11,breached_after_payout,True,False
77,2024-01-11,,,0,0.0,2024-02-16,breached_before_payout,False,True
78,2024-02-16,,,0,0.0,2024-04-30,breached_before_payout,False,True
79,2024-04-30,,,0,0.0,2024-05-10,breached_before_payout,False,True
80,2024-05-10,2024-06-14,35.0,2,65966.98008556978,2024-07-31,breached_after_payout,True,False
81,2024-07-31,,,0,0.0,2024-09-03,breached_before_payout,False,True
82,2024-09-03,,,0,0.0,2024-10-16,breached_before_payout,False,True
83,2024-10-16,,,0,0.0,2024-11-04,breached_before_payout,False,True
84,2024-11-04,2024-11-27,23.0,1,35423.82313334313,2024-11-29,breached_after_payout,True,False
85,2024-11-29,,,0,0.0,2024-12-18,breached_before_payout,False,True
86,2024-12-18,,,0,0.0,2025-02-18,breached_before_payout,False,True
87,2025-02-18,2025-03-11,21.0,1,33483.696175930185,2025-03-12,breached_after_payout,True,False
88,2025-03-12,2025-08-22,163.0,1,32605.72005719971,2025-08-27,breached_after_payout,True,False
89,2025-08-27,2026-02-09,166.0,1,33004.19390295052,2026-02-11,breached_after_payout,True,False
90,2026-02-11,2026-06-23,132.0,1,37225.27756797827,2026-06-24,breached_after_payout,True,False
91,2026-06-24,,,0,0.0,,active,False,False
