scope,entry_mode,filter,day_policy,atr_period,sl_atr,tp_atr,rr,expiry_h,hold_h,positive_units,min_pf,min_ev,min_subperiod_pf,median_pf,median_ev,avg_pf,avg_ev,EURUSD_H1_pf,EURUSD_H1_ev,EURUSD_H1_n,GBPUSD_H1_pf,GBPUSD_H1_ev,GBPUSD_H1_n,AUDUSD_H1_pf,AUDUSD_H1_ev,AUDUSD_H1_n,USDCHF_H1_pf,USDCHF_H1_ev,USDCHF_H1_n,USDJPY_H1_pf,USDJPY_H1_ev,USDJPY_H1_n,EURGBP_H1_pf,EURGBP_H1_ev,EURGBP_H1_n,XAUUSD_H1_pf,XAUUSD_H1_ev,XAUUSD_H1_n,rank,EURUSD_H2_pf,EURUSD_H2_ev,EURUSD_H2_n,GBPUSD_H2_pf,GBPUSD_H2_ev,GBPUSD_H2_n,AUDUSD_H2_pf,AUDUSD_H2_ev,AUDUSD_H2_n,USDCHF_H2_pf,USDCHF_H2_ev,USDCHF_H2_n,USDJPY_H2_pf,USDJPY_H2_ev,USDJPY_H2_n,EURGBP_H2_pf,EURGBP_H2_ev,EURGBP_H2_n,XAUUSD_H2_pf,XAUUSD_H2_ev,XAUUSD_H2_n
H1,breakout,di,TueFri,7,2.25,5.0,2.2222222222222223,1,24,7,1.0316049682656554,0.019479696503656916,0.8649893806375145,1.0490947498160517,0.03155943681619949,1.0560788700017303,0.033393274077616546,1.0373298807334201,0.024184953114892657,651.0,1.0423286735226507,0.02724695696611956,669.0,1.0664034940662737,0.03439390656713611,649.0,1.0490947498160517,0.03155943681619949,676.0,1.0984196650490756,0.053793115521939806,636.0,1.0673706585589864,0.0430948530533713,685.0,1.0316049682656554,0.019479696503656916,664.0,1,,,,,,,,,,,,,,,,,,,,,
H1,breakout,adxrise_range,TueThu,20,1.75,4.0,2.2857142857142856,1,12,7,1.0306500980311613,0.017314311968361657,0.6921444672178936,1.0617664785155092,0.03648797706171465,1.0971517978867233,0.050803121460838284,1.0567106938297774,0.0334052672219914,163.0,1.0393928419319203,0.022601722391695736,165.0,1.2901687031069944,0.13586398204321215,168.0,1.0617664785155092,0.03648797706171465,175.0,1.1337543593630217,0.07052996287848286,165.0,1.0676194104286778,0.039418626660409566,158.0,1.0306500980311613,0.017314311968361657,199.0,2,,,,,,,,,,,,,,,,,,,,,
H1,breakout,di,TueFri,7,2.25,4.5,2.0,1,24,7,1.0294319750884875,0.018570919747561615,0.9129244679756658,1.050497754751207,0.02992618876037861,1.0542765190956562,0.0318511187255414,1.050497754751207,0.031928767175229134,651.0,1.0294319750884875,0.018570919747561615,669.0,1.0581235956710282,0.02992618876037861,649.0,1.0419148018113775,0.0264295949129146,676.0,1.086504728598836,0.04696843487433444,636.0,1.0339703277619003,0.021427748718862456,685.0,1.0794924499867569,0.047706176889508914,664.0,3,,,,,,,,,,,,,,,,,,,,,
H1,breakout,di,TueFri,28,2.25,4.0,1.7777777777777777,1,10,7,1.0290620388543419,0.011360205440005676,0.8670960822269577,1.0529890577202643,0.02578140322730206,1.0907587630828155,0.03916911863921741,1.031786061696418,0.015193730642060572,651.0,1.0358410638693356,0.017896202591672287,669.0,1.0290620388543419,0.011360205440005676,649.0,1.1012155767295442,0.04706630000459523,676.0,1.1846985028458004,0.07399344382373603,636.0,1.0529890577202643,0.02578140322730206,685.0,1.1997190398640043,0.08289254474515004,664.0,4,,,,,,,,,,,,,,,,,,,,,
H1,breakout,di,TueFri,20,2.25,5.0,2.2222222222222223,1,10,7,1.028302177955075,0.011192511858225274,0.8748547538327301,1.062458808683109,0.030488163174349544,1.0973848319186223,0.04250116948253356,1.041254346584192,0.019383084469685938,651.0,1.0573745739314309,0.02870502155462608,669.0,1.028302177955075,0.011192511858225274,649.0,1.1248062963753669,0.05698087718384302,676.0,1.1746864955603633,0.07177444336717768,636.0,1.062458808683109,0.030488163174349544,685.0,1.1928111243408188,0.07898408476982736,664.0,5,,,,,,,,,,,,,,,,,,,,,
H1,breakout,di,TueFri,20,2.25,4.0,1.7777777777777777,1,10,7,1.0257412123319867,0.010166381490769729,0.8728251002459815,1.0516752357276504,0.024181619976305455,1.0814671136270635,0.03507636953930504,1.0516752357276504,0.024181619976305455,651.0,1.0316906365753735,0.01563134567453367,669.0,1.0257412123319867,0.010166381490769729,649.0,1.0860151237412123,0.03914335115631282,676.0,1.1436959919738041,0.058929623357516274,636.0,1.0468752559647192,0.02246582743503601,685.0,1.1845763390746964,0.07501643768466135,664.0,6,,,,,,,,,,,,,,,,,,,,,
H1,breakout,adxrise_range,TueThu,20,1.75,5.0,2.857142857142857,1,12,7,1.0251212081695014,0.01420631080725726,0.7551690995124224,1.0988200564771282,0.058232436537448355,1.1462715420760419,0.07828597127752099,1.0798766917581182,0.04705113009193206,163.0,1.0936527854069589,0.054868659512276,165.0,1.3521595271696956,0.1648895803145502,168.0,1.1536138109963925,0.0916237341547404,175.0,1.2206567145544989,0.11712994752444254,165.0,1.0988200564771282,0.058232436537448355,158.0,1.0251212081695014,0.01420631080725726,199.0,7,,,,,,,,,,,,,,,,,,,,,
H1,breakout,di,TueFri,7,2.5,5.0,2.0,1,24,7,1.0236062936588068,0.014693877581922648,0.8755943799065421,1.0578542100017863,0.03539212306529744,1.058000630222388,0.03292564328894966,1.0236062936588068,0.014693877581922648,651.0,1.038308123274716,0.02358674575339862,669.0,1.0532049488934754,0.025729491294085145,649.0,1.0748394565671664,0.045473384958241055,676.0,1.094720429921529,0.048828859531400315,636.0,1.0578542100017863,0.03539212306529744,685.0,1.0634709492392354,0.0367750208383024,664.0,8,,,,,,,,,,,,,,,,,,,,,
H1,breakout,di,TueFri,20,2.25,4.0,1.7777777777777777,1,16,7,1.0225934119422795,0.010382665098281436,0.8422882140792938,1.0440055345884884,0.020789243796834146,1.0432457995638826,0.0214950699528342,1.027943204193188,0.014642675109128282,651.0,1.0230812630858472,0.012326301380134248,669.0,1.0225934119422795,0.010382665098281436,649.0,1.0487047385011845,0.024546749359830543,676.0,1.0440055345884884,0.020789243796834146,636.0,1.0637294660044632,0.03239712379272762,685.0,1.0726629786317283,0.03538073113290311,664.0,9,,,,,,,,,,,,,,,,,,,,,
H1,next_open,di,TueFri,20,2.25,4.0,1.7777777777777777,0,24,7,1.0223523005493895,0.011867230920058907,0.8760376356478901,1.0584948416206934,0.031098707373751932,1.0539228988754024,0.02773238283566312,1.0223523005493895,0.012051589284670193,1001.0,1.0584948416206934,0.031098707373751932,987.0,1.0231554696583136,0.011867230920058907,1022.0,1.0299915740182244,0.015620720776358692,1027.0,1.0931866447386258,0.04664765246154241,994.0,1.0707224537106332,0.03619263024789854,980.0,1.0795570078319352,0.040648148785361174,1069.0,10,,,,,,,,,,,,,,,,,,,,,
H1,breakout,di,TueFri,20,2.25,4.0,1.7777777777777777,1,12,7,1.021366789797916,0.011016485889746859,0.8650554583385466,1.040636378687606,0.01737565910503789,1.0574490880448155,0.02666203321244442,1.025645418269616,0.012980597752123778,651.0,1.021366789797916,0.011016485889746859,669.0,1.040636378687606,0.01737565910503789,649.0,1.0322710603676495,0.01571451156573934,676.0,1.1061219298925884,0.04653213727946405,636.0,1.0668404110390484,0.03327063213178357,685.0,1.1092616282592855,0.04974420876321545,664.0,11,,,,,,,,,,,,,,,,,,,,,
H1,breakout,di,TueFri,20,2.25,4.5,2.0,1,10,7,1.0208446990157316,0.008243342306908203,0.8585548774683552,1.0471353730624193,0.023441343239885018,1.0855160001624466,0.037002117674123536,1.0400853354398525,0.018833832242154153,651.0,1.0471353730624193,0.023441343239885018,669.0,1.0208446990157316,0.008243342306908203,649.0,1.110948243211472,0.05065392054566092,676.0,1.1634223929818157,0.06714629686957589,636.0,1.030831087716152,0.01504965036880272,685.0,1.185344869709684,0.07564643814587788,664.0,12,,,,,,,,,,,,,,,,,,,,,
H1,breakout,di,TueFri,7,2.5,4.5,1.8,1,24,7,1.019402033628402,0.0117384790607279,0.890888816461282,1.045178096177619,0.021708545268003407,1.0548117819132619,0.03036212233157058,1.029444829087238,0.01791496204499804,651.0,1.019402033628402,0.0117384790607279,669.0,1.045178096177619,0.021708545268003407,649.0,1.0570512206422698,0.034051793517474005,676.0,1.0891842464244614,0.04551683562780076,636.0,1.0250893828132606,0.01512564063547771,685.0,1.1183326646195817,0.0664786001665122,664.0,13,,,,,,,,,,,,,,,,,,,,,
H1,breakout,di,TueFri,28,2.25,5.0,2.2222222222222223,1,10,7,1.0193187010544746,0.007561145713568867,0.8601418426151037,1.074892005059374,0.036984764459954377,1.1079065164968764,0.04728784950934569,1.0362388896772998,0.017334792796361118,651.0,1.0565831207093044,0.028594337059006453,669.0,1.0193187010544746,0.007561145713568867,649.0,1.1332065838721876,0.06213950351419899,676.0,1.2219682159079006,0.08892434135293596,636.0,1.074892005059374,0.036984764459954377,685.0,1.2131380991975942,0.08947606166939406,664.0,14,,,,,,,,,,,,,,,,,,,,,
H1,breakout,di,TueFri,20,2.25,5.0,2.2222222222222223,1,12,7,1.0181237844364142,0.009288880395249225,0.8748019787659146,1.057873233949354,0.02846126911689475,1.0720963195824589,0.033899869523652044,1.0181237844364142,0.009288880395249225,651.0,1.0351352348226819,0.018489862083305525,669.0,1.0364968250640128,0.015634369393560575,649.0,1.057873233949354,0.02846126911689475,676.0,1.1294700520242633,0.057087109321968435,636.0,1.0837605968670097,0.04262530542947015,685.0,1.143814509913477,0.06571229092511562,664.0,15,,,,,,,,,,,,,,,,,,,,,
H1,breakout,di,TueFri,20,2.25,4.5,2.0,1,12,7,1.0179516889142795,0.009200677253831691,0.8340634899629151,1.0404553953209148,0.020082722520720155,1.0594942005636956,0.027584852520382546,1.0179516889142795,0.009200677253831691,651.0,1.0222332810024493,0.011633761963003255,669.0,1.0382884801125423,0.016401438108860644,649.0,1.0409594768159238,0.020082722520720155,676.0,1.114517409939698,0.05049405478937367,636.0,1.0404553953209148,0.02058752738548298,685.0,1.1420536718400607,0.06469378562140547,664.0,16,,,,,,,,,,,,,,,,,,,,,
H1,breakout,di,TueFri,20,2.25,5.0,2.2222222222222223,1,16,7,1.0165224651062266,0.0076279652093448865,0.8440884635843928,1.0728684336673382,0.034661933346596896,1.0595880501454147,0.030020801421914625,1.026783123526263,0.014298666797972696,651.0,1.0268375133958167,0.014671346539845986,669.0,1.0165224651062266,0.0076279652093448865,649.0,1.0978491672805761,0.049766557803245653,676.0,1.0728684336673382,0.034661933346596896,636.0,1.0802867208844622,0.04175172433160657,685.0,1.095968927157219,0.047367415924789685,664.0,17,,,,,,,,,,,,,,,,,,,,,
H1,breakout,di,TueFri,28,2.25,4.5,2.0,1,10,7,1.0148129032797193,0.005797621683939132,0.8657116106647728,1.0498247240880685,0.02453276924112631,1.0969467748412325,0.04219104470824307,1.0308632290958784,0.014763357436384442,651.0,1.048167627349588,0.02411382101377204,669.0,1.0148129032797193,0.005797621683939132,649.0,1.1246870423370063,0.058165224872891504,676.0,1.2065113164427264,0.08273203765451154,636.0,1.0498247240880685,0.02453276924112631,685.0,1.2037605812956411,0.08523248105507651,664.0,18,,,,,,,,,,,,,,,,,,,,,
H1,next_open,di,TueThu,20,1.25,5.0,4.0,0,8,7,1.014350087105073,0.007694293508334943,0.9057684963209085,1.0507145106329696,0.0299336037416777,1.076371419517253,0.04134714621382975,1.0189617948601386,0.011415955236743948,741.0,1.014350087105073,0.009386566804060047,754.0,1.0144642237408166,0.007694293508334943,805.0,1.0507145106329696,0.0299336037416777,761.0,1.1650541914055608,0.08710992567074596,739.0,1.0747901438773098,0.04732315186079778,731.0,1.196264984998901,0.09656652667444789,815.0,19,,,,,,,,,,,,,,,,,,,,,
H1,next_open,di,TueThu,20,1.5,5.0,3.3333333333333335,0,8,7,1.0141836109015026,0.006724478582819559,0.9086123434128558,1.107599185833451,0.05571103991233499,1.1009829870282306,0.049105547375746926,1.0827856102739806,0.044194180749412636,741.0,1.0168005985836026,0.009900624399676221,754.0,1.0141836109015026,0.006724478582819559,805.0,1.107599185833451,0.05571103991233499,761.0,1.1317256585136146,0.0618785326456849,739.0,1.115394549135656,0.0660236743528953,731.0,1.2383916959558068,0.09930630098740491,815.0,20,,,,,,,,,,,,,,,,,,,,,
H1,next_open,di,TueThu,20,1.75,3.0,1.7142857142857142,0,10,7,1.0141751447010825,0.006818611288508956,0.8505515273110656,1.0436024365967624,0.023763466011816482,1.0686853583594222,0.03462684568070852,1.0169985070779022,0.009194056641442188,741.0,1.0436024365967624,0.023763466011816482,754.0,1.0141751447010825,0.006818611288508956,805.0,1.1566181746680964,0.07896497184365797,761.0,1.0428792423529742,0.021271553530218208,739.0,1.073476435127612,0.03982197946869864,731.0,1.1330475679915255,0.0625532809806172,815.0,21,,,,,,,,,,,,,,,,,,,,,
H1,next_open,di,TueFri,20,2.5,3.375,1.35,0,24,7,1.0137754663951621,0.006771136132976504,0.9182129109541793,1.028635764795793,0.013312897758626818,1.0422256748893017,0.01971519739640278,1.0137754663951621,0.006771136132976504,1001.0,1.0264421567426525,0.012986857801497333,987.0,1.028635764795793,0.013312897758626818,1022.0,1.0606808762015425,0.028541434402743683,1027.0,1.0770034900254795,0.035491469119634904,994.0,1.073938043614012,0.033827165657732194,980.0,1.015103926450471,0.007075420901608003,1069.0,22,,,,,,,,,,,,,,,,,,,,,
H1,breakout,di,TueFri,28,2.25,4.0,1.7777777777777777,1,12,7,1.0135161111393451,0.006975789334486283,0.8357832643233521,1.0529751001718402,0.02622731915774951,1.0661334605457433,0.030709457136437135,1.0135161111393451,0.006975789334486283,651.0,1.0148043674233929,0.00772950211540444,669.0,1.0283354952182302,0.012047975184278562,649.0,1.0529751001718402,0.02622731915774951,676.0,1.1514468207940516,0.06501471346361816,636.0,1.0767070248265092,0.03865658847982986,685.0,1.1251493042468335,0.05831431221969314,664.0,23,,,,,,,,,,,,,,,,,,,,,
H1,breakout,di,TueFri,7,2.75,5.0,1.8181818181818181,1,10,7,1.0134519167743838,0.007490799193292321,0.8908297225443096,1.0500990729133541,0.02798334906919233,1.0884127897996727,0.0392762052688498,1.0134519167743838,0.007490799193292321,651.0,1.040165963342319,0.022418026124181388,669.0,1.022052393227942,0.007742059484218624,649.0,1.0876108331455991,0.04658120715209437,676.0,1.2310200876837607,0.08459213156932142,636.0,1.0500990729133541,0.02798334906919233,685.0,1.1744892615103495,0.07812586428964816,664.0,24,,,,,,,,,,,,,,,,,,,,,
H1,breakout,di,TueFri,10,2.25,5.0,2.2222222222222223,1,24,7,1.0133089553215697,0.008570508411992465,0.9155567896197017,1.049378130032206,0.02655258336256246,1.0533787530109107,0.03146521935753575,1.0406697990947356,0.025909442057385615,651.0,1.0133089553215697,0.008570508411992465,669.0,1.049378130032206,0.02655258336256246,649.0,1.0696630756507823,0.043477948994579164,676.0,1.1176751895550427,0.06544295087404262,636.0,1.0160915985051768,0.010294702294672031,685.0,1.0668645229168605,0.04000839950751586,664.0,25,,,,,,,,,,,,,,,,,,,,,
H1,breakout,di,TueFri,7,3.0,4.5,1.5,1,10,7,1.0132181566482477,0.0069333340821597115,0.8744404814113225,1.0454938962266513,0.01474601732160945,1.0853759416264397,0.03398963718770336,1.0166638895549374,0.008581025352583996,651.0,1.0281360599896496,0.01474601732160945,669.0,1.0454938962266513,0.014693412762458075,649.0,1.058620542910255,0.029101713321386363,676.0,1.2139866347524566,0.07280356150900476,636.0,1.0132181566482477,0.0069333340821597115,685.0,1.2215124113028797,0.09106839596472122,664.0,26,,,,,,,,,,,,,,,,,,,,,
H1,breakout,di,TueFri,20,2.0,3.0,1.5,1,10,7,1.012987525772215,0.005620671538658471,0.8980800921443107,1.0262685397010793,0.013392847321544334,1.0604303232825816,0.027507931953267246,1.0229640739054937,0.011433053412808479,651.0,1.0262685397010793,0.013392847321544334,669.0,1.012987525772215,0.005620671538658471,649.0,1.0656068987762604,0.03177468336113017,676.0,1.1475417751871657,0.06444785524028909,636.0,1.0224672074094439,0.011333966876119686,685.0,1.1251762422264118,0.05455244592232046,664.0,27,,,,,,,,,,,,,,,,,,,,,
H1,next_open,di,TueFri,20,2.25,4.5,2.0,0,24,7,1.0126302742469075,0.006540410069605337,0.8538243136558226,1.038643984443103,0.020989892160640587,1.0459206227470539,0.0239209986352966,1.016953106599363,0.009281689635987203,1001.0,1.038643984443103,0.020989892160640587,987.0,1.0126302742469075,0.006540410069605337,1022.0,1.058720212904523,0.03075850437692258,1027.0,1.0832876002198988,0.04223390041247482,994.0,1.036289013655746,0.01890438190951833,980.0,1.0749201671598347,0.03873821188192733,1069.0,28,,,,,,,,,,,,,,,,,,,,,
H1,next_open,di,TueFri,20,3.0,4.0,1.3333333333333333,0,24,7,1.0126121806573203,0.005623126581204383,0.9210241318328606,1.0410294052486049,0.017288976662154516,1.0569463095933693,0.02363281742140159,1.0394865880919018,0.01727598694218745,1001.0,1.0126121806573203,0.005623126581204383,987.0,1.0384156015737984,0.015954149629042222,1022.0,1.0410294052486049,0.017288976662154516,1027.0,1.0877291801344022,0.03568991403290268,994.0,1.0963908109993659,0.03985416432842703,980.0,1.0829604004481919,0.033743403773892885,1069.0,29,,,,,,,,,,,,,,,,,,,,,
H1,breakout,di,TueFri,20,2.25,4.5,2.0,1,16,7,1.0122954438531795,0.005676466395450966,0.8123968455993074,1.037745598160842,0.01962894725033006,1.045749741565659,0.0227917802955637,1.0145590575101144,0.007750258494100281,651.0,1.0192956478776156,0.010490726520632722,669.0,1.0122954438531795,0.005676466395450966,649.0,1.0708060761110105,0.0359075686558654,676.0,1.062346019184592,0.029649774354641376,636.0,1.037745598160842,0.01962894725033006,685.0,1.1032003482622585,0.050438720397925116,664.0,30,,,,,,,,,,,,,,,,,,,,,
H2,breakout,adxrise_atr,MonFri,28,1.5,5.0,3.3333333333333335,1,4,7,1.217043835489623,0.07664848360728092,0.6976367153276813,1.2507363805759382,0.11834142315652467,1.3607504014595306,0.1350601724272786,,,,,,,,,,,,,,,,,,,,,,1,1.2253172044503933,0.09830175017659008,156.0,1.2211466555262855,0.09980081959782482,129.0,1.217043835489623,0.07664848360728092,200.0,1.7676756317399436,0.2618145729853999,115.0,1.4221727391404602,0.15008267426780106,218.0,1.2507363805759382,0.11834142315652467,151.0,1.4211603632940715,0.14043148319952878,131.0
H2,breakout,adxrise_atr,MonFri,28,2.0,5.0,2.5,1,4,7,1.1937514375247615,0.05292784114213545,0.7378824599684716,1.3918432694360166,0.10179286432333154,1.3885213791584863,0.11244091488469392,,,,,,,,,,,,,,,,,,,,,,2,1.2058429274913958,0.07225923601580797,156.0,1.2445946157598802,0.08305365714659378,129.0,1.1937514375247615,0.05292784114213545,200.0,1.7301940720183406,0.1987824371318861,115.0,1.5525886546353425,0.13831054970729595,218.0,1.3918432694360166,0.1399598187258067,151.0,1.4008346772436646,0.10179286432333154,131.0
H2,breakout,adxrise_atr,MonFri,28,1.5,4.5,3.0,1,4,7,1.1903856974496672,0.07343332931050761,0.7188529404308146,1.2553906412354505,0.12053812005756058,1.3493731600094134,0.13064659343630766,,,,,,,,,,,,,,,,,,,,,,3,1.1903856974496672,0.08306177645663755,156.0,1.2117926495396896,0.09557946946361809,129.0,1.2079395533509436,0.07343332931050761,200.0,1.8096717071525983,0.276137268791578,115.0,1.4026896156367037,0.14315641160932852,218.0,1.2553906412354505,0.12053812005756058,151.0,1.3677422557008414,0.1226197783649232,131.0
H2,breakout,adxrise_atr,MonFri,28,1.25,5.0,4.0,1,4,7,1.1824298221573601,0.09537421536772876,0.8137319737257503,1.3275426074572698,0.12582221232809004,1.3092563880104966,0.13831892728233422,,,,,,,,,,,,,,,,,,,,,,4,1.1824298221573601,0.09537421536772876,156.0,1.191451315459916,0.09847499853811685,129.0,1.2661640973468338,0.10689055210912211,200.0,1.4289138285761875,0.18858322811083808,115.0,1.3900609014889693,0.16060236906694672,218.0,1.3782321435869394,0.192484915455497,151.0,1.3275426074572698,0.12582221232809004,131.0
H2,breakout,adxrise_atr,MonFri,28,3.0,5.0,1.6666666666666667,1,4,7,1.1814127734597595,0.03338321011564096,0.7486771462868987,1.3234645663166391,0.05934488431503635,1.456127442201389,0.08267495843732618,,,,,,,,,,,,,,,,,,,,,,5,1.2486469143866692,0.05629202253297785,156.0,1.2323918223759969,0.054636243844899596,129.0,1.1814127734597595,0.03338321011564096,200.0,2.1933525123056286,0.17809351408085533,115.0,1.6042590467708076,0.09774660601010719,218.0,1.4093644597942234,0.09922822816176594,151.0,1.3234645663166391,0.05934488431503635,131.0
H2,breakout,adxrise_atr,MonFri,28,2.0,4.5,2.25,1,4,7,1.1732826523794295,0.05051647541955548,0.7236364205755361,1.3482311695764126,0.0884340856973773,1.3769888643446397,0.10909348364171155,,,,,,,,,,,,,,,,,,,,,,6,1.1732826523794295,0.06082925572584356,156.0,1.2352706478317572,0.07988764454593876,129.0,1.1849242198437466,0.05051647541955548,200.0,1.7696530946207287,0.20952445898651972,115.0,1.5318344126115266,0.13311585271344153,218.0,1.3957258535488786,0.14134661240330446,151.0,1.3482311695764126,0.0884340856973773,131.0
H2,breakout,adxrise_atr,MonFri,28,3.0,4.5,1.5,1,4,7,1.1726767942645557,0.0317756329672543,0.7342226976487657,1.2749224261963499,0.05252556877779622,1.446195672336806,0.08044333760867124,,,,,,,,,,,,,,,,,,,,,,7,1.2149887487151463,0.04867203567300158,156.0,1.2234141989017302,0.05252556877779622,129.0,1.1726767942645557,0.0317756329672543,200.0,2.2413386085750635,0.1852548619839444,115.0,1.5828503398983658,0.09428347468087091,218.0,1.4131785898064306,0.10015275728009775,151.0,1.2749224261963499,0.050439031897733556,131.0
H2,breakout,adxrise_atr,MonFri,28,2.5,5.0,2.0,1,4,7,1.1721860149339514,0.03832167474127665,0.7188482119036629,1.3694807315417223,0.07861148627621567,1.4269098396725348,0.09680422605472064,,,,,,,,,,,,,,,,,,,,,,8,1.243843158886155,0.06650122216998859,156.0,1.2930123885966436,0.07842663723167206,129.0,1.1721860149339514,0.03832167474127665,200.0,1.9403443195849879,0.18679811276407737,115.0,1.5746396444369393,0.11364456530043934,218.0,1.3948626197273448,0.11532588389937484,151.0,1.3694807315417223,0.07861148627621567,131.0
H2,breakout,adxrise_atr,MonFri,28,1.75,5.0,2.857142857142857,1,4,7,1.1658619722595285,0.05291305188097012,0.7734134143051564,1.2637460971829566,0.10730468146227244,1.3920724790642556,0.12530829337966562,,,,,,,,,,,,,,,,,,,,,,9,1.2637460971829566,0.10095923885577567,156.0,1.238666916383556,0.09246778009800907,129.0,1.1658619722595285,0.05291305188097012,200.0,1.8442629179303964,0.24573704364414994,115.0,1.5615060985423634,0.1589128246112413,218.0,1.256930172907139,0.10730468146227244,151.0,1.4135331782438485,0.11886343310524076,131.0
H2,breakout,adxrise_atr,MonFri,28,2.25,5.0,2.2222222222222223,1,4,7,1.1642205999938786,0.04088772874318953,0.7113327620144697,1.3762185938188582,0.09508100620133514,1.403630368183325,0.10305057901868671,,,,,,,,,,,,,,,,,,,,,,10,1.1830663217936523,0.05822305615098471,156.0,1.288018353127101,0.08583766719857037,129.0,1.1642205999938786,0.04088772874318953,200.0,1.839477343472749,0.19428600665088455,115.0,1.5586065357069037,0.12401130526785777,218.0,1.3762185938188582,0.12302728291798493,151.0,1.4158048293701306,0.09508100620133514,131.0
H2,breakout,adxrise_atr,MonFri,20,2.5,4.0,1.6,1,16,7,1.1641154006096546,0.06922580443179348,0.6406278186768679,1.2076800411407824,0.09842454612902736,1.2561996657102477,0.1096907479632532,,,,,,,,,,,,,,,,,,,,,,11,1.2076800411407824,0.09842454612902736,156.0,1.246023730576002,0.11150971322790346,135.0,1.1779272751719387,0.06962939495049866,198.0,1.2705742789576595,0.1176462337600417,113.0,1.1641154006096546,0.06922580443179348,205.0,1.1668398173473995,0.07855202074191392,167.0,1.560237116168295,0.22284752250159384,112.0
H2,breakout,adxrise_atr,MonFri,28,2.5,4.5,1.8,1,4,7,1.1635182631799361,0.036392582163212665,0.704969660101851,1.3192508068014255,0.07589382715114805,1.4160750197598413,0.09412628106033474,,,,,,,,,,,,,,,,,,,,,,12,1.2103144818607967,0.05735723793801707,156.0,1.2835494719429088,0.07589382715114805,129.0,1.1635182631799361,0.036392582163212665,200.0,1.9836047105274601,0.19539173024778428,115.0,1.5536262060864854,0.10948880770535582,218.0,1.3986611979198753,0.11643531884137305,151.0,1.3192508068014255,0.06792446337545231,131.0
H2,breakout,adxrise_atr,MonFri,28,3.0,4.0,1.3333333333333333,1,4,7,1.1594359247855928,0.02933907505845828,0.7197682490106324,1.2263802860760609,0.050305154155939176,1.4199362357139953,0.07513205829041832,,,,,,,,,,,,,,,,,,,,,,13,1.1843332685023578,0.041731837009550646,156.0,1.2139698051423697,0.050305154155939176,129.0,1.1594359247855928,0.02933907505845828,200.0,2.2225005069326653,0.18244350181541788,115.0,1.565123004828833,0.09141585218368055,218.0,1.3678108537300868,0.0891558083294509,151.0,1.2263802860760609,0.04153317948043075,131.0
H2,breakout,adxrise_atr,MonFri,28,1.5,4.0,2.6666666666666665,1,4,7,1.1585704722198011,0.06856021349291554,0.7586649408434156,1.2181453018673005,0.10295923319379445,1.3211578297803936,0.11974026555582633,,,,,,,,,,,,,,,,,,,,,,14,1.1585704722198011,0.06918137912973567,156.0,1.2019523041500602,0.091138640219904,129.0,1.1941404578169144,0.06856021349291554,200.0,1.7744153774364049,0.2641131527091693,115.0,1.3865567468646631,0.1374211666149478,218.0,1.2181453018673005,0.10295923319379445,151.0,1.3143241481076116,0.10480807353031758,131.0
H2,breakout,adxrise_atr,MonFri,28,1.75,4.5,2.5714285714285716,1,4,7,1.1572234582041987,0.050157205340878724,0.759999757689572,1.2614385453571693,0.10359625753272168,1.3807139959366894,0.12152522567311909,,,,,,,,,,,,,,,,,,,,,,15,1.2296207245330217,0.08789640423867351,156.0,1.229327787336766,0.08884947998297478,129.0,1.1572234582041987,0.050157205340878724,200.0,1.8864408287153804,0.2580136400494455,115.0,1.5405288899069127,0.15297602804683624,218.0,1.2614385453571693,0.10918756452030323,151.0,1.3604177375033748,0.10359625753272168,131.0
H2,breakout,adxrise_atr,MonFri,20,2.5,4.5,1.8,1,16,7,1.156416494073784,0.06794872296244839,0.7046634449783624,1.2079811987077598,0.0978614778664898,1.249308496567432,0.10857381679964037,,,,,,,,,,,,,,,,,,,,,,16,1.2053292604258707,0.0978614778664898,156.0,1.242660581509978,0.10998537333184136,135.0,1.1714202603120514,0.06794872296244839,198.0,1.156416494073784,0.07113664943690487,113.0,1.2079811987077598,0.08781695655562144,205.0,1.2082529078826105,0.09929727902680041,167.0,1.5530987730599688,0.22597025841737642,112.0
H2,breakout,adxrise_atr,MonFri,28,2.75,5.0,1.8181818181818181,1,4,7,1.1527577240464733,0.03142791676753711,0.7224450158187146,1.3428015672136435,0.07228816453270229,1.4271461457852406,0.08787638852636832,,,,,,,,,,,,,,,,,,,,,,17,1.2422597042994221,0.060139632871444894,156.0,1.2965156315422828,0.07228816453270229,129.0,1.1527577240464733,0.03142791676753711,200.0,1.9456359204112672,0.17030762095015328,115.0,1.6127608333152348,0.10756292745951948,218.0,1.3972916396683626,0.10578639459100951,151.0,1.3428015672136435,0.06762206251221173,131.0
H2,breakout,adxrise_atr,MonFri,20,1.25,5.0,4.0,1,4,7,1.1521802229302354,0.06364408363828782,0.6399360029406213,1.2842056760477396,0.14137413426409534,1.2877282957036251,0.12698322130393697,,,,,,,,,,,,,,,,,,,,,,18,1.2842056760477396,0.14137413426409534,156.0,1.1523344233563833,0.07847587415886087,135.0,1.1521802229302354,0.06364408363828782,198.0,1.3270534384550925,0.14528346151150986,113.0,1.3667575186837495,0.15355160335137605,205.0,1.2572555036840714,0.13984014794769337,167.0,1.4743112867681047,0.16671324425573525,112.0
H2,breakout,adxrise_atr,MonFri,28,2.25,4.5,2.0,1,4,7,1.151121062560394,0.03874429254534065,0.6975993083834175,1.3638758256329622,0.08320653631159806,1.3925305844805378,0.10007508458048013,,,,,,,,,,,,,,,,,,,,,,19,1.151121062560394,0.048063073671016344,156.0,1.2785755187374346,0.08302343377576589,129.0,1.155611748651947,0.03874429254534065,200.0,1.8807346590286553,0.20383447052166995,115.0,1.5378070578921539,0.11939379682887606,218.0,1.3799882188602164,0.12425998840909405,151.0,1.3638758256329622,0.08320653631159806,131.0
H2,breakout,adxrise_atr,MonFri,28,2.5,4.0,1.6,1,4,7,1.1503808040483967,0.03346871267265742,0.6910911083000393,1.2735945533337631,0.07322932960491961,1.389871370331875,0.08775274587843122,,,,,,,,,,,,,,,,,,,,,,20,1.1797769384562413,0.04902899954187596,156.0,1.2735945533337631,0.07322932960491961,129.0,1.1503808040483967,0.03346871267265742,200.0,1.966621798704661,0.1920180980455525,115.0,1.5362261704458005,0.10604766070872738,218.0,1.3534784452731332,0.10323898010059684,151.0,1.2690208820611288,0.057237440474688955,131.0
H2,breakout,adxrise_atr,MonFri,28,1.25,4.5,3.6,1,4,7,1.1474489751681287,0.07708624690378574,0.8384788374570741,1.2798500698392734,0.10750160164106713,1.299873880171893,0.1342178551173677,,,,,,,,,,,,,,,,,,,,,,21,1.1474489751681287,0.07708624690378574,156.0,1.1816029310186864,0.09340937837706877,129.0,1.256556977267321,0.10303236695299414,200.0,1.4759154470533848,0.2092487239478171,115.0,1.3743308157725114,0.15412571626210078,218.0,1.3834119450839457,0.19512095173674013,151.0,1.2798500698392734,0.10750160164106713,131.0
H2,breakout,adxrise_atr,MonFri,20,1.75,5.0,2.857142857142857,1,4,7,1.146283233202005,0.04535105311202553,0.6053330103375273,1.2681593284050292,0.10313200959992933,1.3217473785417144,0.10462283689955419,,,,,,,,,,,,,,,,,,,,,,22,1.2681593284050292,0.10313200959992933,156.0,1.1552746023646145,0.06318314343005077,135.0,1.146283233202005,0.04535105311202553,198.0,1.6393540362166885,0.20180937655055858,113.0,1.4509942299989829,0.1341606695792582,205.0,1.159947489957248,0.07105255174821717,167.0,1.4322187296474336,0.11367105427683977,112.0
H2,breakout,adxrise_atr,MonFri,28,2.75,4.5,1.6363636363636365,1,4,7,1.1442336351584808,0.0296741962420244,0.7099153270564129,1.2935501830146399,0.06998560991404408,1.416422975314801,0.08544189307692661,,,,,,,,,,,,,,,,,,,,,,23,1.208773710418674,0.051826919933288966,156.0,1.2870708843789602,0.06998560991404408,129.0,1.1442336351584808,0.0296741962420244,200.0,1.9890142887241196,0.1781200004807959,115.0,1.5912386707908597,0.10378496600944354,218.0,1.4010794547178733,0.10679497181100789,151.0,1.2935501830146399,0.05790658714788141,131.0
H2,breakout,adxrise_atr,MonFri,28,1.75,4.0,2.2857142857142856,1,4,7,1.1441303138018393,0.04598024892579981,0.7465861010739877,1.2253606644253818,0.08832908196020259,1.3554111156399455,0.11296078900968887,,,,,,,,,,,,,,,,,,,,,,24,1.198539717438532,0.07599892081561474,156.0,1.2195030923782184,0.08504305491693415,129.0,1.1441303138018393,0.04598024892579981,200.0,1.8698828706358102,0.2531941654748286,115.0,1.523158854036936,0.14806010376593848,218.0,1.2253606644253818,0.09411994720850371,151.0,1.307302296762901,0.08832908196020259,131.0
H2,breakout,adxrise_atr,MonFri,28,2.0,4.0,2.0,1,4,7,1.1436271185883427,0.046861638556361426,0.7093903811826008,1.2956276619091605,0.07655702261315321,1.3506595900199918,0.10112656466433215,,,,,,,,,,,,,,,,,,,,,,25,1.1436271185883427,0.05041895773066717,156.0,1.22546190225836,0.07655702261315321,129.0,1.1715450628465682,0.046861638556361426,200.0,1.7541625017973457,0.20530741873372993,115.0,1.514649002737754,0.12881441896765602,218.0,1.3495438800024109,0.12485118897733422,151.0,1.2956276619091605,0.07507530707142311,131.0
H2,breakout,adxrise_atr,MonFri,28,1.25,5.0,4.0,1,6,7,1.1425814778749908,0.0744774969379744,0.6612584685718709,1.2452547622741699,0.13770198653887547,1.244111840622423,0.12472637562049878,,,,,,,,,,,,,,,,,,,,,,26,1.1425814778749908,0.08321775476155162,156.0,1.177310493644167,0.10152134616024006,129.0,1.1533986212556464,0.0744774969379744,200.0,1.267997019784834,0.13833049645350942,115.0,1.2894116681880132,0.13770198653887547,218.0,1.2452547622741699,0.14774839670241727,151.0,1.4328288413351389,0.19008715178892321,131.0
H2,breakout,adxrise_atr,MonFri,20,1.25,4.5,3.6,1,4,7,1.141412619207401,0.05946899946320365,0.6399360029406213,1.2730177310766735,0.13820381549381075,1.2748016539372362,0.12139143623774552,,,,,,,,,,,,,,,,,,,,,,27,1.2730177310766735,0.1358088476854658,156.0,1.141412619207401,0.07284944968369084,135.0,1.1421971231007553,0.05946899946320365,198.0,1.3111161628075825,0.13820381549381075,113.0,1.3379934156935114,0.14150883965026245,205.0,1.25808493448357,0.14029101381471368,167.0,1.459789591191159,0.1616090878730716,112.0
H2,breakout,adxrise_atr,MonFri,20,1.75,4.5,2.5714285714285716,1,4,7,1.1366639131561462,0.04236885012982253,0.6053330103375273,1.2578231754831848,0.09915680490090824,1.3080449038471873,0.10026749827994305,,,,,,,,,,,,,,,,,,,,,,28,1.2578231754831848,0.09915680490090824,156.0,1.145398089017984,0.05916426880492933,135.0,1.1366639131561462,0.04236885012982253,198.0,1.6153228705527136,0.19422404153159525,113.0,1.4220778517091293,0.1255586955070342,205.0,1.1606724550104068,0.07137459879608886,167.0,1.4183559720007455,0.11002522828922286,112.0
H2,breakout,adxrise_atr,MonFri,28,1.75,3.375,1.9285714285714286,1,4,7,1.1341886441297195,0.04280867152334845,0.7298190303045072,1.2071067294142186,0.07122812152700518,1.3147421783722397,0.09906970237392283,,,,,,,,,,,,,,,,,,,,,,29,1.1460760704171,0.05591638716884148,156.0,1.2071067294142186,0.08024027712963455,129.0,1.1341886441297195,0.04280867152334845,200.0,1.828189895092837,0.2410587176977621,115.0,1.4826757385654121,0.1366029063368396,218.0,1.1571511650308905,0.0656328352340284,151.0,1.2478070059554998,0.07122812152700518,131.0
H2,breakout,adxrise_atr,MonFri,28,3.0,3.375,1.125,1,4,7,1.132587895893715,0.027488988240361653,0.7128325482411707,1.2020532893105873,0.047503533780014415,1.37753943942401,0.06663472700548982,,,,,,,,,,,,,,,,,,,,,,30,1.132587895893715,0.030017025715599572,156.0,1.2020532893105873,0.047503533780014415,129.0,1.1493820869536524,0.027488988240361653,200.0,2.1750661247897587,0.17536449061212908,115.0,1.5238071573548089,0.08473248701670619,218.0,1.2878719133383414,0.06977894444588555,151.0,1.1720076083272046,0.03155761922773226,131.0
BOTH,breakout,di,TueFri,7,2.25,4.5,2.0,1,24,14,1.0294319750884875,0.018570919747561615,0.8635547685424421,1.0688080228288925,0.03944860102478179,1.0760802543169983,0.044844640319797756,1.050497754751207,0.031928767175229134,651.0,1.0294319750884875,0.018570919747561615,669.0,1.0581235956710282,0.02992618876037861,649.0,1.0419148018113775,0.0264295949129146,676.0,1.086504728598836,0.04696843487433444,636.0,1.0339703277619003,0.021427748718862456,685.0,1.0794924499867569,0.047706176889508914,664.0,1,1.1437571952060326,0.0873674790367251,752.0,1.079543161300896,0.04967114091129644,745.0,1.057809807620298,0.029366164350357864,717.0,1.0426885947331765,0.026815291107864417,744.0,1.1044276929580097,0.05537146939607937,713.0,1.1272049609188337,0.07890927873429715,788.0,1.1297565140311319,0.07736630986175852,733.0
BOTH,breakout,di,TueFri,7,2.25,5.0,2.2222222222222223,1,24,14,1.026551139414217,0.017106622497743598,0.8567271951724539,1.068927312994685,0.03952980908270184,1.0760312105862575,0.04536344814503031,1.0373298807334201,0.024184953114892657,651.0,1.0423286735226507,0.02724695696611956,669.0,1.0664034940662737,0.03439390656713611,649.0,1.0490947498160517,0.03155943681619949,676.0,1.0984196650490756,0.053793115521939806,636.0,1.0673706585589864,0.0430948530533713,685.0,1.0316049682656554,0.019479696503656916,664.0,2,1.1162122716159202,0.0725040928049943,752.0,1.0911736721332772,0.058035300821983424,745.0,1.0704839674303837,0.03596476511203237,717.0,1.026551139414217,0.017106622497743598,744.0,1.1220439080070583,0.06505596797060463,713.0,1.1114300085452484,0.07110552308319444,788.0,1.133989891049386,0.08156308319655568,733.0
BOTH,breakout,di,TueFri,7,2.5,5.0,2.0,1,24,14,1.0236062936588068,0.014693877581922648,0.868769894666825,1.0742848814110078,0.04212865835893029,1.0730221208992357,0.04147967991906927,1.0236062936588068,0.014693877581922648,651.0,1.038308123274716,0.02358674575339862,669.0,1.0532049488934754,0.025729491294085145,649.0,1.0748394565671664,0.045473384958241055,676.0,1.094720429921529,0.048828859531400315,636.0,1.0578542100017863,0.03539212306529744,685.0,1.0634709492392354,0.0367750208383024,664.0,3,1.1270421597972962,0.07522894533385172,752.0,1.1007648545657,0.060729057468217156,745.0,1.0868597052156155,0.041518435726866365,717.0,1.0480416079081583,0.029391373457045688,744.0,1.084835654356406,0.04273888099099422,713.0,1.0737303062548493,0.04523949077125047,788.0,1.09503099293456,0.055389832096096554,733.0
BOTH,breakout,di,TueFri,7,2.5,4.5,1.8,1,24,14,1.019402033628402,0.0117384790607279,0.8736172435862015,1.069440524868933,0.03474639834030884,1.0732080687593728,0.040960935789930895,1.029444829087238,0.01791496204499804,651.0,1.019402033628402,0.0117384790607279,669.0,1.045178096177619,0.021708545268003407,649.0,1.0570512206422698,0.034051793517474005,676.0,1.0891842464244614,0.04551683562780076,636.0,1.0250893828132606,0.01512564063547771,685.0,1.1183326646195817,0.0664786001665122,664.0,4,1.1454159347970476,0.08408734725456175,752.0,1.0948810143229368,0.05598570958527819,745.0,1.0709670258638806,0.033766584860048306,717.0,1.0594986197981047,0.03544100316314368,744.0,1.0679140238739853,0.034022832273921506,713.0,1.092771689245041,0.05527301824648072,788.0,1.1097821813373905,0.06234174935460444,733.0
BOTH,breakout,di,TueFri,28,2.25,5.0,2.2222222222222223,1,10,14,1.018214142475651,0.007502767851809736,0.7673802895530841,1.1457111060730556,0.06734924896380493,1.1335104032416987,0.059723361432860736,1.0362388896772998,0.017334792796361118,651.0,1.0565831207093044,0.028594337059006453,669.0,1.0193187010544746,0.007561145713568867,649.0,1.1332065838721876,0.06213950351419899,676.0,1.2219682159079006,0.08892434135293596,636.0,1.074892005059374,0.036984764459954377,685.0,1.2131380991975942,0.08947606166939406,664.0,5,1.188406534488678,0.08849079104472328,752.0,1.102080257560574,0.04983150834683045,745.0,1.018214142475651,0.007502767851809736,717.0,1.1582156282739233,0.07255899441341088,744.0,1.1804615371499139,0.07474903639590869,713.0,1.165697022342163,0.08186217434875573,788.0,1.3007249076147445,0.13011684109319174,733.0
BOTH,breakout,di,TueFri,20,2.25,5.0,2.2222222222222223,1,12,14,1.0156094943980072,0.006770374606962955,0.7527724512721915,1.0912476587707083,0.04533173310766887,1.097908961082377,0.0461777842625947,1.0181237844364142,0.009288880395249225,651.0,1.0351352348226819,0.018489862083305525,669.0,1.0364968250640128,0.015634369393560575,649.0,1.057873233949354,0.02846126911689475,676.0,1.1294700520242633,0.057087109321968435,636.0,1.0837605968670097,0.04262530542947015,685.0,1.143814509913477,0.06571229092511562,664.0,6,1.1394059751293721,0.06933405083490655,752.0,1.0674527465052572,0.0342930689918496,745.0,1.0156094943980072,0.006770374606962955,717.0,1.098734720674407,0.04803816078586759,744.0,1.1668695272040053,0.07248917941987916,713.0,1.11136361378462,0.058148788002104206,788.0,1.2666151403803927,0.12011627036919145,733.0
BOTH,breakout,di,TueFri,28,2.25,4.0,1.7777777777777777,1,12,14,1.0135161111393451,0.006510166268037869,0.7572743924942446,1.0835066103999305,0.04151051026997669,1.0858635228591018,0.04005273420937557,1.0135161111393451,0.006975789334486283,651.0,1.0148043674233929,0.00772950211540444,669.0,1.0283354952182302,0.012047975184278562,649.0,1.0529751001718402,0.02622731915774951,676.0,1.1514468207940516,0.06501471346361816,636.0,1.0767070248265092,0.03865658847982986,685.0,1.1251493042468335,0.05831431221969314,664.0,7,1.1106141277356256,0.05442175371280641,752.0,1.090306195973352,0.04436443206012351,745.0,1.0152794052589538,0.006510166268037869,717.0,1.1181372427572107,0.056613245264235446,744.0,1.1361439887763918,0.05929219897047922,713.0,1.0354284077266056,0.01793742309876031,788.0,1.2332457279790816,0.1066328596017554,733.0
BOTH,breakout,di,TueFri,7,3.0,4.5,1.5,1,10,14,1.0132181566482477,0.0069333340821597115,0.8358084285443779,1.0612787244397972,0.03151014173941931,1.0944183835129928,0.03988793766409882,1.0166638895549374,0.008581025352583996,651.0,1.0281360599896496,0.01474601732160945,669.0,1.0454938962266513,0.014693412762458075,649.0,1.058620542910255,0.029101713321386363,676.0,1.2139866347524566,0.07280356150900476,636.0,1.0132181566482477,0.0069333340821597115,685.0,1.2215124113028797,0.09106839596472122,664.0,8,1.1315659930099473,0.06475169058882956,752.0,1.1045544721959373,0.05295477422321887,745.0,1.0312265277979573,0.010311205270892333,717.0,1.0384141353406042,0.01958038597325829,744.0,1.1691967482474355,0.058600525453504866,713.0,1.0639369059693393,0.033918570157452255,788.0,1.1853309952356004,0.0803865153163038,733.0
BOTH,next_open,di,TueFri,20,2.25,4.5,2.0,0,24,14,1.0126302742469075,0.006540410069605337,0.8538243136558226,1.0599847503331825,0.03185273275114184,1.0693223141486936,0.03621376993286608,1.016953106599363,0.009281689635987203,1001.0,1.038643984443103,0.020989892160640587,987.0,1.0126302742469075,0.006540410069605337,1022.0,1.058720212904523,0.03075850437692258,1027.0,1.0832876002198988,0.04223390041247482,994.0,1.036289013655746,0.01890438190951833,980.0,1.0749201671598347,0.03873821188192733,1069.0,9,1.1354937427202334,0.0721420746458261,1034.0,1.061249287761842,0.033284401221449766,1035.0,1.0434692830209016,0.02241090633886108,1046.0,1.108860904441587,0.05732417076806382,1026.0,1.0642703522128936,0.03294696112536109,1080.0,1.048255220130115,0.026107440401445782,1043.0,1.1874692485647615,0.09532983411204127,1084.0
BOTH,next_open,di,TueFri,20,2.5,3.375,1.35,0,24,14,1.0120177170740303,0.005660888035061065,0.9182129109541793,1.0446583204986677,0.02092716608068525,1.052258992820897,0.024676599561066142,1.0137754663951621,0.006771136132976504,1001.0,1.0264421567426525,0.012986857801497333,987.0,1.028635764795793,0.013312897758626818,1022.0,1.0606808762015425,0.028541434402743683,1027.0,1.0770034900254795,0.035491469119634904,994.0,1.073938043614012,0.033827165657732194,980.0,1.015103926450471,0.007075420901608003,1069.0,10,1.107422482786526,0.05203101142125652,1034.0,1.066306049124188,0.032469207619153916,1035.0,1.0120177170740303,0.005660888035061065,1046.0,1.0721461745298986,0.03437563096980067,1026.0,1.0202708518896542,0.009562219933048078,1080.0,1.023513249308777,0.01148277635614806,1043.0,1.1343696505543683,0.06188427774563819,1084.0
BOTH,next_open,di,TueFri,20,2.25,4.0,1.7777777777777777,0,24,14,1.0118490139322078,0.006096146985908439,0.8760376356478901,1.0646086476656633,0.03364566881082524,1.06395111887609,0.03315472713666256,1.0223523005493895,0.012051589284670193,1001.0,1.0584948416206934,0.031098707373751932,987.0,1.0231554696583136,0.011867230920058907,1022.0,1.0299915740182244,0.015620720776358692,1027.0,1.0931866447386258,0.04664765246154241,994.0,1.0707224537106332,0.03619263024789854,980.0,1.0795570078319352,0.040648148785361174,1069.0,11,1.1205645315665844,0.06366693613740503,1034.0,1.0754655521573921,0.04035591344995149,1035.0,1.0118490139322078,0.006096146985908439,1046.0,1.0738637147952128,0.038668433173072406,1026.0,1.0378690617769497,0.019315787563772023,1080.0,1.0542641821458552,0.02898712326046979,1043.0,1.1439793157632387,0.07294915949305479,1084.0
BOTH,breakout,di,TueFri,7,2.0,5.0,2.5,1,24,14,1.0116881388884138,0.008009303625295127,0.8758203471741971,1.0735100239425701,0.044172946574651525,1.0795780755377617,0.04964893441839791,1.0433180573794278,0.029411304055309003,651.0,1.0116881388884138,0.008009303625295127,669.0,1.065981615092548,0.03663905446608003,649.0,1.0271667971236165,0.018388760076880863,676.0,1.1273379794662304,0.07391810920674383,636.0,1.0158526796687082,0.010760226770559473,685.0,1.0810384327925922,0.05170683868322301,664.0,12,1.0999079853736324,0.06593179153647892,752.0,1.1168413999969578,0.07706880332129701,745.0,1.0618379080162992,0.034001021865599376,717.0,1.0275015866556656,0.01862253697525079,744.0,1.1603138326875837,0.09065393567085979,713.0,1.1425670409858215,0.09471782489369425,788.0,1.1327396034011654,0.08525557071029936,733.0
BOTH,breakout,di,TueFri,20,2.0,4.0,2.0,1,12,14,1.0113902753813833,0.005383779407572848,0.7613889196281998,1.0856379405499743,0.045685475734989545,1.0916817064479825,0.04610701360916274,1.018387465855665,0.01003087280085779,651.0,1.0441278034916315,0.024049694727131393,669.0,1.0113902753813833,0.005383779407572848,649.0,1.0279249920428606,0.014875072207515567,676.0,1.131200386538514,0.062080489414868704,636.0,1.1042693902911536,0.05551703366412115,685.0,1.1107911443789145,0.05511850892892512,664.0,13,1.157995217866086,0.08306739593617472,752.0,1.0736714263817375,0.040055563424318236,745.0,1.0204557514122377,0.009556286771662464,717.0,1.097604454718211,0.05131538804566086,744.0,1.1620254081225387,0.07560887550587012,713.0,1.0570244159462188,0.031184826708176266,788.0,1.2666757578446048,0.12765440298542313,733.0
BOTH,breakout,di,TueFri,28,2.25,5.0,2.2222222222222223,1,12,14,1.0113687565084144,0.005922409206139722,0.7526674289487697,1.106819463327505,0.054621207877986494,1.1090063178379896,0.05160608789432072,1.0113687565084144,0.005922409206139722,651.0,1.0340844841251182,0.018108276336739785,669.0,1.0177803299626813,0.007592317771803352,649.0,1.064635175279954,0.03240891864010876,676.0,1.170349836872733,0.07332745583758998,636.0,1.099692336244616,0.050967742421889554,685.0,1.1734328834394987,0.08162167150267835,664.0,14,1.1364110854223382,0.06767051106217276,752.0,1.0868045040587488,0.043371515511675424,745.0,1.0372860964065598,0.015886658085107492,717.0,1.140958486544689,0.06796178956262659,744.0,1.1688733761724561,0.07401990393817764,713.0,1.1139465904103938,0.05827467333408343,788.0,1.270464508283652,0.1253513873096972,733.0
BOTH,next_open,di,TueFri,20,2.25,5.0,2.2222222222222223,0,24,14,1.0112190559037473,0.006187791064309799,0.875401005408756,1.071978950557642,0.037756281591295016,1.0789023594771077,0.04150065571828193,1.0112190559037473,0.006187791064309799,1001.0,1.0459324711298663,0.02505478518261392,987.0,1.025745773528078,0.01333208710603004,1022.0,1.067085892074797,0.035369299260956895,1027.0,1.1001878276459027,0.050886604342523054,994.0,1.0633114440122122,0.03314464818449145,980.0,1.0768720090404873,0.04014326392163313,1069.0,15,1.11601185849668,0.062219182752054646,1034.0,1.0605224867466636,0.0332424373962448,1035.0,1.0627439447252818,0.0324082706246342,1046.0,1.1160648782024085,0.061565622354993334,1026.0,1.0817760417613707,0.04216830800507346,1080.0,1.091162305108721,0.04949619612914631,1043.0,1.1859970443032906,0.09579068373124196,1084.0
BOTH,next_open,di,TueFri,14,2.75,4.5,1.6363636363636365,0,24,14,1.0109951829410633,0.005293522718932775,0.9143520509582032,1.0496691140847894,0.026208813469208815,1.0572521734687517,0.02875610973196488,1.011070216442646,0.005923561448574021,1001.0,1.0740488854615335,0.03901236075727277,987.0,1.0220670787906392,0.010369917609386537,1022.0,1.03608657963933,0.018406720099735742,1027.0,1.0807316657833361,0.037554234597677656,994.0,1.048962051404145,0.025749041026498214,980.0,1.057317365234972,0.027048252080195786,1069.0,16,1.103493205252528,0.05530797579189132,1034.0,1.0263801684374567,0.0145455650940609,1035.0,1.0109951829410633,0.005293522718932775,1046.0,1.050376176765434,0.026668585911919413,1026.0,1.0911000481865536,0.042958976051168725,1080.0,1.0403555519888006,0.022084276434449743,1043.0,1.1485462522340832,0.07166254662574469,1084.0
BOTH,breakout,di,TueFri,7,2.5,4.5,1.8,1,12,14,1.0105345684313738,0.0057563318406260704,0.7843451836005358,1.066868025038069,0.038483821854562325,1.0836857759474434,0.04300456659948124,1.041277910394899,0.024465162988317777,651.0,1.043682927393626,0.02547747188659679,669.0,1.014090232182407,0.0057563318406260704,649.0,1.0466856565151534,0.026758842066557955,676.0,1.1704212604930706,0.07355747536563953,636.0,1.0105345684313738,0.006232047208539277,685.0,1.1665830349818345,0.08539829039597896,664.0,17,1.1321417935055047,0.07435753729437221,752.0,1.0871149202445678,0.05020880164256669,745.0,1.0368536606706693,0.014963803266006397,717.0,1.0457166273810388,0.026488825132040664,744.0,1.1440929311737633,0.0614360390466942,713.0,1.0870503935609848,0.05134695772303394,788.0,1.145354946335315,0.07561634653576683,733.0
BOTH,breakout,di,TueFri,7,3.0,5.0,1.6666666666666667,1,10,14,1.010156334739206,0.00534349226676363,0.8221319199377563,1.0829945408117925,0.04298172106583986,1.0969753919771137,0.04228112874172192,1.010156334739206,0.00534349226676363,651.0,1.0403953741915168,0.021431539580213446,669.0,1.0310113453950704,0.010034517307351581,649.0,1.095023830880408,0.047640736286686136,676.0,1.2202876038578443,0.07494730750679159,636.0,1.0384972698805683,0.02053888492467315,685.0,1.1851119083225503,0.07744134532942029,664.0,18,1.126370190413287,0.06332684893781751,752.0,1.1270131227366649,0.0650396316026296,745.0,1.0269634251302289,0.008917407020678544,717.0,1.0391913194815352,0.020217901387764692,744.0,1.1553505614903552,0.05414010180397739,713.0,1.0709652507431773,0.038322705844993595,788.0,1.19131795041718,0.0845933825843458,733.0
BOTH,next_open,di,TueFri,7,2.5,5.0,2.0,0,24,14,1.0100256938665149,0.0062193153739121395,0.9305337128252287,1.074343088960907,0.04428827737114854,1.071966047380529,0.04050588258207914,1.037372874226784,0.022972445015345913,1001.0,1.0259788991735634,0.01614503236532524,987.0,1.0583760632604637,0.02852439836948467,1022.0,1.052263581152421,0.03180393886917511,1027.0,1.1311377858710356,0.0653535173340887,994.0,1.0100256938665149,0.0062193153739121395,980.0,1.1295633494786816,0.07304455146017892,1069.0,19,1.1070848964762556,0.06399567402338263,1034.0,1.084822110786271,0.0518343529507432,1035.0,1.0403682609606566,0.019534691034664375,1046.0,1.0836263860964268,0.050376547549833214,1026.0,1.0982185840565202,0.04856861981705595,1080.0,1.065227487892399,0.04000793492524113,1043.0,1.0834586900294145,0.04870133706067683,1084.0
BOTH,breakout,di,TueFri,7,2.25,4.5,2.0,1,12,14,1.0097166873940633,0.004340445627086649,0.8112734587819153,1.0664564435131771,0.03803590028753277,1.0837620255130347,0.0455874922592047,1.051568800940039,0.03191095741066334,651.0,1.0500410860955118,0.030545024315807363,669.0,1.0097166873940633,0.004340445627086649,649.0,1.0375157563159025,0.02279534126285811,676.0,1.1536706827252454,0.0721403875712757,636.0,1.0106948709741956,0.006662451285471401,685.0,1.1214456041909449,0.06726078350433932,664.0,20,1.1162998151341041,0.06965441133866994,752.0,1.0722388956539841,0.04416084316440221,745.0,1.0606739913723702,0.02616213273650968,717.0,1.025571183812107,0.015663034918716387,744.0,1.1778936278999101,0.08101291268435609,713.0,1.1254020309399482,0.0769553052917064,788.0,1.1599353237341596,0.08896086051700315,733.0
BOTH,next_open,di,TueFri,20,2.5,4.0,1.6,0,24,14,1.0092559320227747,0.004598439461636462,0.9158768932111534,1.0571221148509446,0.02765758219319856,1.0638982074158094,0.030821246261854073,1.0092559320227747,0.0046920360480722035,1001.0,1.0371681603760101,0.0186840071036165,987.0,1.0449496560282454,0.021186152212536277,1022.0,1.0272738234788634,0.013252123583362727,1027.0,1.0839306732189737,0.03941591025804354,994.0,1.1177617708648366,0.05485385071650765,980.0,1.057780590454648,0.02761835127207506,1069.0,21,1.1305712416718743,0.06475905459040013,1034.0,1.0702598135895873,0.035409309290355434,1035.0,1.009579037979858,0.004598439461636462,1046.0,1.0564636392472413,0.02769681311432206,1026.0,1.0315145267399195,0.015073035055448521,1080.0,1.0656093462719827,0.03262153771724633,1043.0,1.1524566918765187,0.07163682724233413,1084.0
BOTH,next_open,di,TueFri,28,2.75,5.0,1.8181818181818181,0,24,14,1.0090857590522895,0.004501886525036182,0.885605528216229,1.0796726473781162,0.03699499666668636,1.0795392556938135,0.03673155053420958,1.019942014188063,0.009839296006293649,1001.0,1.0090857590522895,0.004501886525036182,987.0,1.037048097345864,0.016380394190614756,1022.0,1.0750985566605962,0.03516836492129598,1027.0,1.0941308071813414,0.04174565804877591,994.0,1.0842467380956362,0.038821628412076745,980.0,1.0485947731316654,0.022924253128412304,1069.0,22,1.1224089366761043,0.05798063797382368,1034.0,1.0535260543951621,0.025547702192810284,1035.0,1.060178862020297,0.026883245738029297,1046.0,1.1018117785239476,0.047497773667270995,1026.0,1.0944265640103745,0.04243803219793925,1080.0,1.104742333971462,0.04873458319155566,1043.0,1.2083083044605847,0.09577825128499955,1084.0
BOTH,next_open,di,TueFri,14,3.0,4.5,1.5,0,24,14,1.0086018682283644,0.003918197770108241,0.9215138172169867,1.0585430635830873,0.02752044205709003,1.06010782098379,0.028566209941205227,1.0104322917539323,0.0052819298289693796,1001.0,1.067445097665264,0.03389502712341954,987.0,1.0212625645161488,0.009427197027295494,1022.0,1.0515747974945409,0.024713321259217113,1027.0,1.0751628269665268,0.03285650051806169,994.0,1.051714413099488,0.025776930375375942,980.0,1.081166302380277,0.03537030540730734,1069.0,23,1.099376120190461,0.05080005263707227,1034.0,1.0388658765681766,0.020289353350893293,1035.0,1.0086018682283644,0.003918197770108241,1046.0,1.0653717140666865,0.03254804336238732,1026.0,1.065693058798698,0.029263953738804117,1080.0,1.0444136084966964,0.023045071578725332,1043.0,1.160428953547801,0.07274105519923611,1084.0
BOTH,next_open,di,TueFri,28,2.75,4.5,1.6363636363636365,0,24,14,1.007224927832293,0.003550447852357239,0.8770189726725063,1.058149665010704,0.02711083376592115,1.0644810507438751,0.02963812701162479,1.0161290440774406,0.007914607796878866,1001.0,1.007224927832293,0.003550447852357239,987.0,1.0393797208047746,0.01737276292474175,1022.0,1.0515024158648647,0.024046735602700764,1027.0,1.0630448658228409,0.027941658845492337,994.0,1.058845427324283,0.027023469808616432,980.0,1.0282113015139742,0.013217509646517215,1069.0,24,1.115721869022179,0.05450545888503837,1034.0,1.057453902697125,0.02719819772322587,1035.0,1.0535769260411498,0.023882662833137284,1046.0,1.092730961792082,0.04301138014194646,1026.0,1.0645392048362268,0.028886270483967937,1080.0,1.074527576235441,0.03452036143517645,1043.0,1.1798465665495783,0.08186225418295016,1084.0
BOTH,next_open,di,TueFri,20,2.5,4.5,1.8,0,24,14,1.0070570286421268,0.003630019644242508,0.8736939959512809,1.0579727249717288,0.028922926260475254,1.0706380569496703,0.03435974148784815,1.0070570286421268,0.003630019644242508,1001.0,1.019151235482824,0.009836258633722466,987.0,1.0370812256763269,0.017652326428644293,1022.0,1.058027176309643,0.028310874636336535,1027.0,1.0761392094235822,0.03624836238772572,994.0,1.0814027180952666,0.03866525090810615,980.0,1.0536182951711843,0.025922352567746818,1069.0,25,1.1476205627851706,0.07385198035447763,1034.0,1.0559134235407721,0.028658357777069647,1035.0,1.0432882324966262,0.02079811252807108,1046.0,1.0907234035408246,0.044779374610633006,1026.0,1.0625618947125375,0.030014811414410383,1080.0,1.0579182736338146,0.029187494743880864,1043.0,1.1984301177846841,0.09348080419480705,1084.0
BOTH,next_open,di,TueFri,28,2.5,5.0,2.0,0,24,14,1.0065939310469596,0.003497600612251742,0.8809720412605238,1.075601753721355,0.03754254540006812,1.0815224498772484,0.040179738193170646,1.0065939310469596,0.003497600612251742,1001.0,1.040307837858751,0.02094537039748932,987.0,1.0430581726535615,0.020322090906986688,1022.0,1.047967372029618,0.02435212357501518,1027.0,1.1185731161570922,0.055820656000202154,994.0,1.0708275537182417,0.03495416217864289,980.0,1.080375953724468,0.04013092862149335,1069.0,26,1.1254679588497138,0.0627962571845281,1034.0,1.0449913917005407,0.023129609782529387,1035.0,1.0480977299745622,0.0230295911637054,1046.0,1.109577545224705,0.05438941845071375,1026.0,1.0944775998241083,0.04566695318540775,1080.0,1.0927736854299175,0.04662493498741996,1043.0,1.2182244500892339,0.10685663765800336,1084.0
BOTH,next_open,di,TueFri,20,3.0,5.0,1.6666666666666667,0,24,14,1.0062896202149374,0.0028787275626681046,0.8858746612352245,1.0827850222864979,0.03462582283126282,1.080804924149741,0.03464997902080794,1.0289344185605132,0.012963486838223482,1001.0,1.0062896202149374,0.0028787275626681046,987.0,1.0450856687644285,0.01893078232819788,1022.0,1.0743445523135258,0.031792039091040405,1027.0,1.0972201440936502,0.04013432006590737,994.0,1.097713154098049,0.041385589260211963,980.0,1.0776823989232696,0.03238918347486073,1069.0,27,1.1130892111053658,0.05046265381296893,1034.0,1.0701565244118174,0.03183664057805296,1035.0,1.0461818439885395,0.019583803715844877,1046.0,1.1095750543029497,0.047351090196498476,1026.0,1.0878876456497264,0.03686246218766491,1080.0,1.107867602035354,0.04741882228250436,1043.0,1.1692410996342504,0.07111010489666668,1084.0
BOTH,breakout,di,TueFri,7,2.0,5.0,2.5,1,12,14,1.006218975628835,0.003002888601126765,0.8360153424497266,1.0825138903111724,0.04564417287180473,1.0891151156226146,0.05144108804917381,1.0566650380200946,0.03764212798837916,651.0,1.011014650694814,0.007334487055143275,669.0,1.006218975628835,0.003002888601126765,649.0,1.020310207003559,0.013295817408555559,676.0,1.1860449005377005,0.09382382502815839,636.0,1.0085198357606913,0.005701367185740314,685.0,1.1197162518435642,0.07078726657726288,664.0,28,1.0804982671741519,0.052064012055857554,752.0,1.12681291438151,0.08127536605194999,745.0,1.0845295134481931,0.039224333687751904,717.0,1.0146497686466516,0.009612117488004772,744.0,1.2066269732064083,0.10238034321065466,713.0,1.160256284599651,0.10454172687618733,788.0,1.1657480377707794,0.09948955347366087,733.0
BOTH,breakout,di,TueFri,20,2.0,4.5,2.25,1,12,14,1.005800909245563,0.0027469487375668075,0.7513437827890781,1.0888598445555715,0.04892027900982015,1.1001001430361093,0.05076109564649904,1.0089213787522453,0.004935380215071291,651.0,1.0437557541669056,0.024183592192952862,669.0,1.005800909245563,0.0027469487375668075,649.0,1.0355349605644961,0.019049664561454776,676.0,1.138623759046757,0.06594802397200758,636.0,1.0782179448392422,0.04252591308730671,685.0,1.1463283700894706,0.07282159401752789,664.0,29,1.1715248043047537,0.09072267050149825,752.0,1.087396385113437,0.047987142000942964,745.0,1.0110676371060843,0.005201325696445199,717.0,1.11473826657228,0.0607861168910193,744.0,1.1903779199927556,0.08910653566988427,713.0,1.0903233039977063,0.04985341601869733,788.0,1.2787906087138354,0.1347870154886114,733.0
BOTH,breakout,di,TueFri,20,2.0,5.0,2.5,1,12,14,1.0053867096844824,0.0025508782881865353,0.7700535444337608,1.1058135798858184,0.05699904523375854,1.1083462051837727,0.055275977948217356,1.013929977201628,0.00770617813530286,651.0,1.057626821968314,0.032022341295234624,669.0,1.0053867096844824,0.0025508782881865353,649.0,1.0555876498207928,0.029881787251531122,676.0,1.1525622708513785,0.0725790467991641,636.0,1.1238188098193966,0.06731841338679224,685.0,1.147050947876561,0.07340265344805721,664.0,30,1.171639149844209,0.09102712844770214,752.0,1.0631357323997825,0.034947357977136065,745.0,1.028437112090818,0.013364251143485183,717.0,1.0878083499522404,0.046679677080724825,744.0,1.1944291804342784,0.09127542301384071,713.0,1.1353970604592094,0.07507525796511093,788.0,1.2800371001697248,0.1360332970427745,733.0
