symbol,signal,R,reason
EURUSD,2026-01-02 08:00:00+00:00,-1.0,SL
EURUSD,2026-01-12 08:00:00+00:00,-1.0,SL
EURUSD,2026-01-15 08:00:00+00:00,-1.0,SL
EURUSD,2026-01-20 08:00:00+00:00,0.2325476992143555,time
EURUSD,2026-02-04 08:00:00+00:00,0.11029825548679585,time
EURUSD,2026-02-09 08:00:00+00:00,-1.0,SL
EURUSD,2026-02-17 08:00:00+00:00,-1.0,SL
EURUSD,2026-02-27 08:00:00+00:00,0.33149622371915277,time
EURUSD,2026-03-02 08:00:00+00:00,-1.0,SL
EURUSD,2026-03-03 08:00:00+00:00,0.1574026272012465,time
EURUSD,2026-04-08 07:00:00+00:00,-1.0,SL
EURUSD,2026-04-21 07:00:00+00:00,-0.255431520825717,time
EURUSD,2026-04-28 07:00:00+00:00,-1.0,SL
EURUSD,2026-05-04 07:00:00+00:00,-1.0,SL
EURUSD,2026-05-06 07:00:00+00:00,3.3333333333333335,TP
EURUSD,2026-05-12 07:00:00+00:00,-0.021688613477905686,time
EURUSD,2026-05-13 07:00:00+00:00,-0.35233160621762905,time
EURUSD,2026-05-27 07:00:00+00:00,0.2235528942115151,time
EURUSD,2026-06-03 07:00:00+00:00,-0.3846369498176808,time
EURUSD,2026-06-05 07:00:00+00:00,0.38705623625509733,time
EURUSD,2026-06-15 07:00:00+00:00,-1.0,SL
EURUSD,2026-06-18 07:00:00+00:00,2.494623655914039,time
EURUSD,2026-06-22 07:00:00+00:00,-1.0,SL
EURUSD,2026-06-23 07:00:00+00:00,1.4720767888307442,time
EURUSD,2026-06-26 07:00:00+00:00,0.5371304261840706,time
EURUSD,2026-06-29 07:00:00+00:00,-1.0,SL
EURUSD,2026-07-02 07:00:00+00:00,-0.30657989877073294,time
EURUSD,2026-07-27 07:00:00+00:00,-1.0,SL
EURUSD,2026-08-05 07:00:00+00:00,-1.0,SL
EURUSD,2026-08-07 07:00:00+00:00,0.9085545722714068,time
GBPUSD,2026-01-05 08:00:00+00:00,-1.0,SL
GBPUSD,2026-01-08 08:00:00+00:00,-0.18312236286921835,time
GBPUSD,2026-01-12 08:00:00+00:00,-1.0,SL
GBPUSD,2026-01-15 08:00:00+00:00,-1.0,SL
GBPUSD,2026-02-04 08:00:00+00:00,-1.0,SL
GBPUSD,2026-02-05 08:00:00+00:00,0.6632825719120695,time
GBPUSD,2026-02-11 08:00:00+00:00,-0.5748950069995176,time
GBPUSD,2026-02-17 08:00:00+00:00,-1.0,SL
GBPUSD,2026-02-24 08:00:00+00:00,-0.08406415422301658,time
GBPUSD,2026-03-03 08:00:00+00:00,-0.5033655253145763,time
GBPUSD,2026-04-01 07:00:00+00:00,-1.0,SL
GBPUSD,2026-04-02 07:00:00+00:00,0.0027769513041318653,time
GBPUSD,2026-04-06 07:00:00+00:00,-1.0,SL
GBPUSD,2026-04-17 07:00:00+00:00,0.16693766937677476,time
GBPUSD,2026-04-21 07:00:00+00:00,-0.5850091407677577,time
GBPUSD,2026-05-06 07:00:00+00:00,1.086011035378069,time
GBPUSD,2026-05-07 07:00:00+00:00,-0.29333333333328415,time
GBPUSD,2026-05-12 07:00:00+00:00,-1.0,SL
GBPUSD,2026-05-14 07:00:00+00:00,0.22728842832467974,time
GBPUSD,2026-05-20 07:00:00+00:00,-1.0,SL
GBPUSD,2026-05-27 07:00:00+00:00,0.4484099748342313,time
GBPUSD,2026-06-05 07:00:00+00:00,1.3352601156068846,time
GBPUSD,2026-06-09 07:00:00+00:00,1.3288945795987985,time
GBPUSD,2026-06-22 07:00:00+00:00,-1.0,SL
GBPUSD,2026-06-23 07:00:00+00:00,0.5451061546716193,time
GBPUSD,2026-06-26 07:00:00+00:00,0.2187863674148858,time
GBPUSD,2026-06-29 07:00:00+00:00,-1.0,SL
GBPUSD,2026-07-01 07:00:00+00:00,-0.18206448117037421,time
GBPUSD,2026-07-02 07:00:00+00:00,-1.0,SL
GBPUSD,2026-07-09 07:00:00+00:00,0.9838187702265613,time
GBPUSD,2026-07-29 07:00:00+00:00,-1.0,SL
GBPUSD,2026-08-05 07:00:00+00:00,-1.0,SL
AUDUSD,2026-01-12 08:00:00+00:00,-1.0,SL
AUDUSD,2026-01-20 08:00:00+00:00,0.09190874774330214,time
AUDUSD,2026-01-21 08:00:00+00:00,-1.0,SL
AUDUSD,2026-02-09 08:00:00+00:00,-1.0,SL
AUDUSD,2026-02-13 08:00:00+00:00,-1.0,SL
AUDUSD,2026-02-25 08:00:00+00:00,0.19567979669634517,time
AUDUSD,2026-03-03 08:00:00+00:00,0.6657156443176419,time
AUDUSD,2026-03-13 08:00:00+00:00,0.7224199288256095,time
AUDUSD,2026-03-19 08:00:00+00:00,-1.0,SL
AUDUSD,2026-04-01 07:00:00+00:00,-1.0,SL
AUDUSD,2026-04-06 07:00:00+00:00,-1.0,SL
AUDUSD,2026-04-14 07:00:00+00:00,1.3350515463917594,time
AUDUSD,2026-04-23 07:00:00+00:00,-1.0,SL
AUDUSD,2026-04-27 07:00:00+00:00,1.1117037037036308,time
AUDUSD,2026-05-06 07:00:00+00:00,-1.0,SL
AUDUSD,2026-05-07 07:00:00+00:00,-0.28024727700912916,time
AUDUSD,2026-05-12 07:00:00+00:00,0.5297718419588291,time
AUDUSD,2026-05-27 07:00:00+00:00,0.39865996649916857,time
AUDUSD,2026-06-23 07:00:00+00:00,-1.0,SL
AUDUSD,2026-07-27 07:00:00+00:00,0.40899795501017483,time
AUDUSD,2026-07-28 07:00:00+00:00,0.09787098824271906,time
AUDUSD,2026-07-29 07:00:00+00:00,0.28238944918541703,time
AUDUSD,2026-08-03 07:00:00+00:00,3.3333333333333335,TP
AUDUSD,2026-08-06 07:00:00+00:00,-0.6321561038542453,time
USDCHF,2026-01-02 08:00:00+00:00,-1.0,SL
USDCHF,2026-01-05 08:00:00+00:00,-1.0,SL
USDCHF,2026-01-07 08:00:00+00:00,-0.15378579835232947,time
USDCHF,2026-01-08 08:00:00+00:00,-1.0,SL
USDCHF,2026-01-12 08:00:00+00:00,-1.0,SL
USDCHF,2026-01-20 08:00:00+00:00,-0.18122977346282085,time
USDCHF,2026-02-09 08:00:00+00:00,3.3333333333333335,TP
USDCHF,2026-02-11 08:00:00+00:00,0.8211482858323464,time
USDCHF,2026-03-02 08:00:00+00:00,-1.0,SL
USDCHF,2026-03-03 08:00:00+00:00,-0.21066607656561795,time
USDCHF,2026-03-13 08:00:00+00:00,0.7935348167828755,time
USDCHF,2026-03-17 08:00:00+00:00,0.005634369654931772,time
USDCHF,2026-03-18 08:00:00+00:00,-1.0,SL
USDCHF,2026-03-23 08:00:00+00:00,-1.0,SL
USDCHF,2026-03-26 08:00:00+00:00,-1.0,SL
USDCHF,2026-04-08 07:00:00+00:00,-0.5001976128369097,time
USDCHF,2026-04-28 07:00:00+00:00,-1.0,SL
USDCHF,2026-05-07 07:00:00+00:00,-0.254008438818592,time
USDCHF,2026-05-13 07:00:00+00:00,-0.19996894892093584,time
USDCHF,2026-05-18 07:00:00+00:00,-1.0,SL
USDCHF,2026-05-19 07:00:00+00:00,-1.0,SL
USDCHF,2026-05-22 07:00:00+00:00,-0.17067389095834232,time
USDCHF,2026-06-03 07:00:00+00:00,-0.538534471082214,time
USDCHF,2026-06-09 07:00:00+00:00,-1.0,SL
USDCHF,2026-06-18 07:00:00+00:00,2.191158900836332,time
USDCHF,2026-06-23 07:00:00+00:00,0.5214152700185659,time
USDCHF,2026-06-26 07:00:00+00:00,-0.4372594303310159,time
USDCHF,2026-06-29 07:00:00+00:00,-1.0,SL
USDCHF,2026-07-02 07:00:00+00:00,0.05904837221569124,time
USDCHF,2026-07-06 07:00:00+00:00,-1.0,SL
USDCHF,2026-07-09 07:00:00+00:00,0.2488888888888472,time
USDCHF,2026-07-14 07:00:00+00:00,1.465710330942485,time
USDCHF,2026-07-17 07:00:00+00:00,-0.23931623931621432,time
USDCHF,2026-07-27 07:00:00+00:00,-1.0,SL
USDJPY,2026-01-08 08:00:00+00:00,0.036754450734314145,time
USDJPY,2026-01-09 08:00:00+00:00,-0.08438417003730085,time
USDJPY,2026-01-23 08:00:00+00:00,-0.12946106054038886,time
USDJPY,2026-02-09 08:00:00+00:00,0.7488061127029054,time
USDJPY,2026-02-11 08:00:00+00:00,0.6899184452542624,time
USDJPY,2026-02-24 08:00:00+00:00,0.06318758815232958,time
USDJPY,2026-02-25 08:00:00+00:00,0.8713428512310576,time
USDJPY,2026-03-02 08:00:00+00:00,-1.0,SL
USDJPY,2026-03-10 08:00:00+00:00,0.22684373172974492,time
USDJPY,2026-03-13 08:00:00+00:00,-0.016963528413894636,time
USDJPY,2026-03-16 08:00:00+00:00,-1.0,SL
USDJPY,2026-04-08 07:00:00+00:00,-0.3311684883046349,time
USDJPY,2026-05-14 07:00:00+00:00,0.2268944371441497,time
USDJPY,2026-05-26 07:00:00+00:00,-1.0,SL
USDJPY,2026-06-03 07:00:00+00:00,-1.0,SL
USDJPY,2026-06-08 07:00:00+00:00,-1.0,SL
USDJPY,2026-06-17 07:00:00+00:00,-1.0,SL
USDJPY,2026-06-22 07:00:00+00:00,-1.0,SL
USDJPY,2026-06-26 07:00:00+00:00,-0.2764955792858299,time
USDJPY,2026-06-29 07:00:00+00:00,0.13827160493814933,time
USDJPY,2026-06-30 07:00:00+00:00,1.0445374952416329,time
USDJPY,2026-07-02 07:00:00+00:00,-0.43936061006011856,time
USDJPY,2026-07-17 07:00:00+00:00,0.4751515151514639,time
USDJPY,2026-07-23 07:00:00+00:00,0.4382489606260172,time
USDJPY,2026-07-27 07:00:00+00:00,1.4715909090907602,time
USDJPY,2026-07-29 07:00:00+00:00,-1.0,SL
EURGBP,2026-01-05 08:00:00+00:00,3.3333333333333335,TP
EURGBP,2026-01-06 08:00:00+00:00,-1.0,SL
EURGBP,2026-01-08 08:00:00+00:00,-1.0,SL
EURGBP,2026-01-09 08:00:00+00:00,-1.0,SL
EURGBP,2026-01-15 08:00:00+00:00,-1.0,SL
EURGBP,2026-01-20 08:00:00+00:00,3.3333333333333335,TP
EURGBP,2026-01-23 08:00:00+00:00,1.283384750991613,time
EURGBP,2026-01-29 08:00:00+00:00,-0.27317073170736234,time
EURGBP,2026-02-05 08:00:00+00:00,-1.0,SL
EURGBP,2026-02-09 08:00:00+00:00,-1.0,SL
EURGBP,2026-02-11 08:00:00+00:00,0.29917053282725187,time
EURGBP,2026-02-17 08:00:00+00:00,-1.0,SL
EURGBP,2026-03-18 08:00:00+00:00,0.3801765105227031,time
EURGBP,2026-03-19 08:00:00+00:00,-1.0,SL
EURGBP,2026-04-28 07:00:00+00:00,2.025734401553695,time
EURGBP,2026-05-01 07:00:00+00:00,0.08825847123716192,time
EURGBP,2026-05-04 07:00:00+00:00,-1.0,SL
EURGBP,2026-05-11 07:00:00+00:00,-1.0,SL
EURGBP,2026-05-12 07:00:00+00:00,-1.0,SL
EURGBP,2026-05-18 07:00:00+00:00,1.784313725490297,time
EURGBP,2026-06-09 07:00:00+00:00,-0.5607378129117832,time
EURGBP,2026-06-15 07:00:00+00:00,1.4137447405329038,time
EURGBP,2026-06-17 07:00:00+00:00,0.3105662580268953,time
EURGBP,2026-06-18 07:00:00+00:00,1.5772716140092842,time
EURGBP,2026-06-22 07:00:00+00:00,-1.0,SL
EURGBP,2026-06-24 07:00:00+00:00,-1.0,SL
EURGBP,2026-06-26 07:00:00+00:00,-0.18524173027984303,time
EURGBP,2026-07-01 07:00:00+00:00,1.317014638828872,time
EURGBP,2026-07-02 07:00:00+00:00,-1.0,SL
EURGBP,2026-07-06 07:00:00+00:00,-1.0,SL
EURGBP,2026-07-13 07:00:00+00:00,-1.0,SL
EURGBP,2026-07-17 07:00:00+00:00,0.02583621683970295,time
EURGBP,2026-07-20 07:00:00+00:00,-1.0,SL
EURGBP,2026-08-06 07:00:00+00:00,0.584995251662003,time
XAUUSD,2026-01-05 08:00:00+00:00,-1.0,SL
XAUUSD,2026-01-12 08:00:00+00:00,-1.0,SL
XAUUSD,2026-01-20 08:00:00+00:00,-0.2546842594579526,time
XAUUSD,2026-01-26 08:00:00+00:00,-1.0,SL
XAUUSD,2026-01-30 08:00:00+00:00,-0.09576027824223887,time
XAUUSD,2026-02-20 08:00:00+00:00,-0.20838488491796786,time
XAUUSD,2026-03-03 08:00:00+00:00,3.3333333333333335,TP
XAUUSD,2026-03-05 08:00:00+00:00,-0.19944422156322955,time
XAUUSD,2026-03-13 08:00:00+00:00,1.0055056299506238,time
XAUUSD,2026-03-23 08:00:00+00:00,3.3333333333333335,TP
XAUUSD,2026-04-06 07:00:00+00:00,-0.5513788732141283,time
XAUUSD,2026-04-21 07:00:00+00:00,0.09112413963949655,time
XAUUSD,2026-04-23 07:00:00+00:00,-1.0,SL
XAUUSD,2026-04-29 07:00:00+00:00,0.20377868525781628,time
XAUUSD,2026-05-01 07:00:00+00:00,-0.11731396721808385,time
XAUUSD,2026-05-04 07:00:00+00:00,3.3333333333333335,TP
XAUUSD,2026-05-06 07:00:00+00:00,0.4075198320737911,time
XAUUSD,2026-05-11 07:00:00+00:00,-1.0,SL
XAUUSD,2026-06-03 07:00:00+00:00,-0.4348332669285253,time
XAUUSD,2026-06-15 07:00:00+00:00,0.7265621600667843,time
XAUUSD,2026-06-22 07:00:00+00:00,-1.0,SL
XAUUSD,2026-06-23 07:00:00+00:00,-1.0,SL
XAUUSD,2026-07-01 07:00:00+00:00,2.039952488021909,time
XAUUSD,2026-07-13 07:00:00+00:00,-1.0,SL
XAUUSD,2026-07-23 07:00:00+00:00,0.20095969894840765,time
XAUUSD,2026-07-27 07:00:00+00:00,-1.0,SL
XAUUSD,2026-08-05 07:00:00+00:00,-1.0,SL
